id_trabajador,nombre_completo,direccion,area_de_trabajo,tipo_educacion,trabajos_aceptados,trabajos_terminados,trabajos_rechazados,trabajos_en_curso,indice_productividad,calificacion_general,seguidores
1,Gustaf Kenninghan,Monagrillo,1,1,3743,1281,296,2462,9.86,1.8,4023
2,Ian Radley,El Rincon,2,2,2204,2080,1732,124,14.59,3.37,2127
3,Sharleen Eddy,La Villa de los santos,6,1,2835,1489,3369,1346,50.77,3.49,1074
4,Phylis Brigden,Pedasí,2,1,2660,2549,3490,111,81.44,3.83,1253
5,Nomi Stockell,La Arena,5,1,914,596,1372,318,80.37,3.01,1943
6,Auroora Duffer,La Arena,8,2,1237,898,3754,339,98.07,3.62,3939
7,Tracie Scroggins,Monagrillo,9,1,513,237,57,276,89.3,2.53,3768
8,Conni Graysmark,Parita,7,1,375,276,3099,99,3.75,1.13,3772
9,Tannie Olliver,Chitré,6,1,3028,1311,2447,1717,24.48,4.43,1725
10,Aldon Kender,La Villa de los santos,2,1,618,66,1711,552,21.41,4.63,2050
11,Darla Pimmocke,El Sesteadero,6,2,3070,427,2642,2643,24.21,1.28,4519
12,Jenna Scrivin,Chitré,7,2,3460,2667,2473,793,12.43,2.53,2165
13,Marika Chomley,Parita,8,1,2885,414,562,2471,14.06,0.97,3830
14,Kevina Millsap,Pedasí,9,1,2307,997,1775,1310,64.34,1.93,2703
15,Katuscha Sings,El Sesteadero,4,1,168,53,1075,115,17.76,0.06,3875
16,Hanson Mosedall,Parita,10,1,1208,133,2062,1075,24.5,2.19,4948
17,Cordie Spaice,El Rincon,7,2,3739,2210,1862,1529,18.51,0.64,521
18,Kristyn Swindells,Pesé,2,2,1080,798,1695,282,25.68,1.17,3078
19,Jacinthe Ayton,La Arena,8,1,3905,424,233,3481,70.34,1.05,513
20,Shaun Walisiak,Santa Maria,1,1,2935,1553,2544,1382,34.69,2.78,2476
21,Herbert Lapenna,El Rincon,6,1,1960,145,2285,1815,95.71,2.89,495
22,Merilee Hazel,Pedasí,6,1,2347,825,2300,1522,15.47,2.7,2761
23,Neely Seares,La Villa de los santos,5,2,2187,840,3020,1347,6.49,1.95,2590
24,Ramon Furzer,Parita,3,2,1936,1640,2522,296,9.0,2.2,1592
25,Sarah Purvey,El Rincon,10,1,480,274,2622,206,22.28,3.44,1642
26,Chandra Chalfain,Pesé,1,2,756,257,630,499,71.32,4.46,4921
27,Martino Cayzer,Paris,3,2,550,292,1223,258,56.76,1.27,1866
28,Filberte Gumby,La Arena,10,2,3062,89,2104,2973,65.82,3.9,2224
29,Sigismondo Nickols,Las Tablas,5,2,1042,512,3389,530,62.78,1.02,3304
30,Bran Adney,Pedasí,1,1,3636,276,1355,3360,72.3,0.35,1285
31,Clementia Farlow,Pesé,6,2,1672,1105,1969,567,87.8,4.95,1923
32,Leopold Wallentin,Chitré,2,2,2091,1405,710,686,91.28,3.5,4021
33,Muhammad Gallant,El Rincon,6,2,2453,1467,1693,986,57.64,4.96,1137
34,Mahmud Ogelsby,Ocú,4,2,824,338,1244,486,64.8,4.01,466
35,Stan Blei,Los Angeles,3,1,2105,416,1217,1689,22.82,4.08,4623
36,Salli Beauchamp,El Sesteadero,2,2,3157,602,3339,2555,8.05,3.0,4948
37,Donnell Darke,Los Angeles,2,1,959,703,2429,256,96.75,0.85,2102
38,Jessalyn Mohamed,Chitré,3,2,3664,182,3908,3482,72.02,3.33,267
39,Harriet Rundall,El Sesteadero,5,1,1472,1453,3959,19,38.22,4.52,4903
40,Ninetta Espinazo,Parita,5,1,2599,2089,2523,510,24.29,4.31,2920
41,Lane Georgeot,Pesé,3,1,162,86,1626,76,72.93,1.55,4920
42,Graig MacAlpine,Chitré,9,2,3765,3622,2532,143,80.04,4.6,19
43,Maurise Abramovicz,Parita,5,1,1720,221,3814,1499,9.85,4.28,429
44,Leonhard Ramble,El Rincon,2,2,1724,59,1281,1665,14.16,2.35,1502
45,Artur Tuft,La Arena,4,1,2030,1656,700,374,68.57,4.28,4306
46,Engelbert Eagar,Los Angeles,6,1,3353,1926,2586,1427,56.57,2.58,3960
47,Fremont Cookes,Potuga,3,1,1303,1231,3327,72,60.83,0.88,2661
48,Ivett Tithecote,La Villa de los santos,2,1,3985,490,650,3495,51.33,0.72,4719
49,Alberik Bice,El Rincon,10,1,1885,593,849,1292,73.52,2.25,3694
50,Pembroke Treher,Parita,3,2,785,60,2561,725,10.7,3.75,4107
51,Briney Coplestone,Pedasí,5,1,1707,850,568,857,54.13,4.59,2228
52,Grannie Kohlerman,El Rincon,6,2,1394,210,1775,1184,43.36,4.94,620
53,Broddie Oldroyde,Chitré,10,1,1452,767,1069,685,25.66,1.26,3709
54,Tara Levy,Los Angeles,9,1,3770,1695,2352,2075,72.62,0.81,1284
55,Mayor Beenham,Santa Maria,3,1,3302,1521,761,1781,78.3,3.3,4810
56,Lexis Myner,El Sesteadero,1,2,484,178,1509,306,36.96,4.51,1787
57,Doro Bonin,El Sesteadero,5,1,2800,741,1055,2059,31.28,2.71,4434
58,Rona Graine,Pesé,6,1,1059,116,2500,943,4.06,3.32,2813
59,Nico Bathersby,Las Tablas,6,2,2611,199,3809,2412,95.1,4.82,1410
60,Clemmie Hartwell,Parita,9,1,22,20,2407,2,92.32,4.63,2760
61,Rodrique Bow,Los Angeles,8,1,1334,1000,2580,334,16.24,3.31,4868
62,Jere Hamlin,Ocú,6,2,2183,116,248,2067,0.6,1.2,4713
63,Charlie Taffs,Parita,2,2,2634,1513,3797,1121,42.88,0.89,2245
64,Heddi Jelleman,La Villa de los santos,5,2,3653,1949,3160,1704,33.84,2.97,4000
65,Veronica Ewers,Santa Maria,10,1,2682,2098,3027,584,78.11,0.76,1199
66,Ortensia Eykelhof,Pesé,1,2,1305,494,1907,811,85.27,4.58,769
67,Sonnie Lavalde,Pesé,2,2,2993,2125,1619,868,75.15,2.29,2954
68,Charmain Schimke,El Rincon,10,1,468,456,3909,12,70.72,3.25,4216
69,Kendra MacTrustram,Monagrillo,9,2,1724,1287,910,437,69.84,4.77,2043
70,Olav Lammerding,Paris,9,1,502,172,3009,330,0.91,3.59,4033
71,Orlando Draye,Parita,3,2,3169,653,3767,2516,13.32,4.64,4348
72,Lorie Alexsandrov,"",7,2,3625,2558,1098,1067,80.24,2.04,1099
73,Alexis Corde,Ocú,10,2,977,602,2179,375,75.1,2.6,1997
74,Ronald Phlipon,La Arena,7,2,1893,1294,1853,599,62.09,3.04,4957
75,Jorie Lannin,Monagrillo,4,1,2177,1226,3626,951,74.83,0.05,775
76,Dorette Sieghard,Potuga,3,1,1275,772,3469,503,88.82,0.23,2168
77,Addie Lydden,La Villa de los santos,8,1,2390,1609,2522,781,99.29,2.6,4290
78,Nollie Le Merchant,Potuga,2,1,3455,2300,1316,1155,35.65,0.76,2745
79,Robbie Karpf,El Sesteadero,2,1,545,188,2173,357,96.12,2.95,1885
80,Janith Di Giorgio,Parita,9,1,1124,390,3262,734,48.24,2.02,1856
81,Mallory Keilloh,Pesé,4,1,3570,994,355,2576,21.6,3.47,1551
82,Flossy Akester,Pedasí,9,2,3669,2225,3548,1444,70.45,4.36,1368
83,Layla Winchcomb,El Rincon,8,2,230,160,576,70,91.61,4.95,3380
84,Ricki McCrillis,Parita,10,1,2411,22,2090,2389,46.87,0.59,811
85,Fionna Proschek,Chitré,6,1,2634,2075,3925,559,34.05,4.33,1527
86,Rasia Wardell,Parita,6,1,1206,761,3067,445,42.43,4.62,2603
87,Judye Sandeman,Pedasí,3,1,1422,664,1512,758,75.99,3.15,3808
88,Jenine Mortel,Parita,3,2,3292,2379,1166,913,63.17,0.08,3536
89,Clarine Fry,Monagrillo,3,2,3688,2766,1272,922,47.89,0.1,1043
90,Easter Abrahmer,Pesé,7,1,872,537,2956,335,72.6,0.82,3043
91,Sigismondo Christoforou,La Arena,3,1,3668,689,2768,2979,95.55,4.24,371
92,Rees Schultze,La Arena,2,1,1422,289,610,1133,46.64,2.91,4590
93,Terrence Surgeoner,Pesé,8,2,892,668,1026,224,45.11,0.13,1936
94,Northrop Blancowe,Monagrillo,2,2,1381,334,2844,1047,31.81,1.37,4427
95,Rhiamon Adamovitz,Las Tablas,2,2,3451,2089,403,1362,40.1,3.58,1770
96,Giavani Follows,La Villa de los santos,7,1,3068,828,1181,2240,48.18,3.6,2330
97,Ekaterina Skains,Parita,8,1,2628,1008,3678,1620,11.07,2.23,2021
98,Englebert Dumbelton,La Villa de los santos,9,2,3884,1451,2887,2433,77.32,3.94,4768
99,Dyann Rainey,La Villa de los santos,4,1,545,184,633,361,23.71,2.48,869
100,Stephenie Girardeau,La Villa de los santos,9,1,3200,1216,1391,1984,19.18,3.89,1682
101,Kathlin Thorndycraft,"",4,2,742,304,3435,438,91.91,1.23,122
102,Fidela Poll,"",8,2,1632,785,1189,847,61.21,2.63,1653
103,Evy Jerzyk,Paris,2,1,2290,2258,133,32,98.52,1.76,4956
104,Rebeca Gilbee,Chitré,9,1,954,825,2705,129,32.55,0.43,2670
105,Anette Hapke,La Villa de los santos,10,1,100,41,3084,59,58.0,3.82,736
106,Ron Bourrel,Monagrillo,2,2,763,1,2355,762,17.02,1.6,995
107,Madella Hully,El Rincon,5,1,908,775,1164,133,3.57,2.47,2161
108,Margarette Follen,La Arena,10,1,1369,831,3205,538,16.38,0.12,2080
109,Shelly McNysche,Paris,3,1,2658,1243,2732,1415,10.63,0.56,3581
110,Nerte Touzey,Potuga,5,2,2142,247,2507,1895,81.87,2.58,4526
111,Gwenneth Feld,Pedasí,7,1,3533,3069,833,464,66.51,3.96,2210
112,Bonnie Britland,Las Tablas,1,2,2109,362,2517,1747,92.97,3.47,4082
113,Neale Goldie,Las Tablas,4,1,673,582,1234,91,94.41,4.15,2067
114,Costa Fishleigh,La Villa de los santos,8,1,1294,351,3727,943,92.7,4.06,4096
115,Lionello Kirman,El Sesteadero,8,2,986,953,2621,33,42.66,1.03,4941
116,Osbourne Bolley,El Sesteadero,7,1,3264,2501,1958,763,33.01,3.57,3823
117,Pennie Sanpher,Los Angeles,2,1,3129,1418,2518,1711,68.76,4.31,1402
118,Ware Licciardi,Santa Maria,6,2,3373,3323,3333,50,0.12,4.58,1755
119,Hamil Mangenot,El Sesteadero,3,1,1435,855,1936,580,65.12,0.72,3910
120,Pansy Scotti,"",4,2,1655,1272,3914,383,36.84,4.77,3069
121,Urban Rosone,El Rincon,10,2,1622,1197,2266,425,48.42,0.88,3904
122,Torrence Boultwood,Pedasí,4,2,2824,1514,1636,1310,79.39,3.29,2096
123,Joshua Brimble,La Villa de los santos,3,2,1254,528,1416,726,2.02,4.98,140
124,Conrade Josskovitz,El Sesteadero,5,1,946,299,3474,647,12.07,3.16,3841
125,Wheeler Ericssen,Pesé,4,2,415,293,1176,122,69.45,3.53,1619
126,Royall Cahen,Monagrillo,10,1,3015,857,1818,2158,10.69,1.63,2298
127,Yale Snyder,El Rincon,3,2,1759,759,1235,1000,32.56,0.49,1654
128,Phylis Cawsby,La Villa de los santos,5,1,355,192,3209,163,83.25,0.5,915
129,Alastair Holdworth,Pedasí,2,1,1470,931,3768,539,15.46,2.58,321
130,Carlen Nana,La Arena,4,1,3769,1142,761,2627,58.52,4.9,1946
131,Drusilla Wooddisse,El Rincon,2,1,3599,407,42,3192,24.62,4.55,1942
132,Egbert Ockwell,Potuga,3,2,3004,2559,45,445,42.56,4.82,3965
133,Vale Garatty,Paris,10,2,592,73,2871,519,98.91,0.04,4637
134,Nealon Dybell,La Villa de los santos,5,2,3617,914,909,2703,70.55,2.26,2916
135,Dorelle Novill,Santa Maria,4,2,1597,263,2966,1334,44.16,4.6,2779
136,Jocelyn Hischke,Paris,9,1,148,108,354,40,70.74,2.59,4273
137,Laney Duester,Los Angeles,7,2,2077,930,3223,1147,32.43,1.06,4653
138,Ewan Camfield,El Rincon,7,1,1343,712,3261,631,62.13,2.21,2792
139,Sylvester Cumming,Ocú,1,1,1743,1141,2539,602,17.01,4.53,2689
140,Almire Utley,Monagrillo,9,2,1659,843,2490,816,81.01,0.87,3382
141,Netty Hukin,Pedasí,4,1,2877,331,3277,2546,58.79,4.3,2838
142,Raddy Webbe,El Sesteadero,7,2,1946,1705,1109,241,5.74,1.52,2208
143,Tracee Millthorpe,Los Angeles,3,2,1536,427,3840,1109,72.49,0.16,4942
144,Ginger Lighten,Pedasí,1,1,2965,1835,3438,1130,15.3,1.87,3296
145,Jacinta Parlour,El Sesteadero,2,2,3506,3255,35,251,32.22,4.51,2185
146,Karita McManus,Ocú,1,2,433,232,1362,201,77.85,4.03,4345
147,Nyssa Dominguez,Parita,2,1,1157,37,1626,1120,98.76,1.16,184
148,Ewan Posselow,Parita,6,1,3274,2272,1126,1002,92.35,4.59,1325
149,Meagan Mould,"",1,1,2765,792,3321,1973,92.06,3.21,3460
150,Temp Collett,Monagrillo,9,2,1090,796,2506,294,89.76,3.2,2177
151,Dedie Healy,El Rincon,3,2,793,443,1433,350,18.19,1.31,2353
152,Carline Mannin,Pedasí,8,1,3700,3031,3404,669,24.86,2.45,4263
153,Selinda Brownstein,La Arena,10,2,32,16,1653,16,17.92,0.61,1542
154,Daffy Armall,La Villa de los santos,5,1,692,423,3051,269,22.6,0.34,1837
155,Mac Clashe,Parita,5,2,2527,57,3433,2470,13.99,0.71,2005
156,Shamus Garford,Potuga,2,1,144,136,1065,8,32.07,1.24,2756
157,Daphna Christaeas,El Sesteadero,1,2,3679,1338,958,2341,72.52,2.66,2423
158,Shoshana Lochrie,El Sesteadero,1,1,2062,703,3445,1359,90.3,4.71,327
159,Beverlee Pareman,Las Tablas,7,1,2315,1906,3005,409,84.55,2.26,1970
160,Eduard D'Ambrosi,El Rincon,6,1,1159,414,1353,745,7.44,2.93,446
161,Bab Heath,Las Tablas,2,2,1696,1169,758,527,42.41,3.28,4093
162,Ruben Cholton,La Arena,10,2,813,718,2788,95,21.0,3.91,297
163,Trixie O'Moylan,Los Angeles,10,1,1158,1124,1147,34,33.11,1.99,1551
164,Georgianne Mc Dermid,"",5,1,1842,726,1548,1116,20.41,4.0,4449
165,Kania Desouza,Las Tablas,1,1,1060,489,3577,571,94.98,0.15,1180
166,Chrissie Veld,Las Tablas,10,1,3227,2245,2314,982,54.0,0.97,3644
167,Cherianne Mettrick,Chitré,6,2,1669,1569,2318,100,24.95,0.94,1911
168,Ashleigh Mitchell,El Sesteadero,5,2,2135,1247,2959,888,81.88,2.2,3121
169,Thia Oakwood,Paris,8,2,3178,234,654,2944,68.69,4.84,3430
170,Noland Karpmann,Ocú,2,1,3993,1332,2952,2661,70.51,1.77,4012
171,Marlowe Creese,Potuga,5,2,2181,1201,1527,980,86.83,1.01,1913
172,Aubert Thirkettle,El Rincon,5,2,2009,907,1809,1102,41.29,3.97,3928
173,Dayna Bloom,La Villa de los santos,9,2,142,142,1311,0,47.35,1.59,2777
174,Aldus Victor,Paris,6,1,702,159,3130,543,79.14,4.6,1583
175,Zed Insko,"",5,2,836,463,3599,373,44.99,4.55,2101
176,Diarmid Woolforde,La Arena,5,1,2344,2059,1261,285,4.75,3.98,1861
177,Tulley McKew,El Rincon,2,1,2611,1399,635,1212,21.67,4.23,4225
178,Quent Burnet,Parita,8,1,1989,532,1836,1457,57.17,3.65,4624
179,Trevor Odegaard,Paris,7,2,2498,1419,3259,1079,63.81,0.29,2424
180,Lynette Keiley,Las Tablas,10,1,713,522,655,191,13.88,4.72,1428
181,Eddie Willmetts,"",2,1,3861,3352,3480,509,70.66,0.27,4185
182,Kare Ellacott,Pesé,3,2,2538,648,1912,1890,49.15,0.52,501
183,Guthrey Schaffler,Paris,8,2,1866,651,1397,1215,30.01,1.96,2993
184,Cedric Varney,Chitré,2,1,770,375,2596,395,37.86,2.01,976
185,Patricio Dmiterko,Chitré,6,1,1174,1030,3728,144,97.81,2.54,4531
186,Emmalyn Bending,Parita,6,1,1919,1377,2826,542,90.51,3.22,2808
187,Chastity Mercy,La Arena,7,2,2625,1595,33,1030,53.01,1.92,470
188,Devon Longthorn,Santa Maria,10,1,2912,1197,1826,1715,84.11,2.9,2920
189,Amii Urry,La Villa de los santos,8,1,1015,169,2888,846,32.31,0.3,3935
190,Toddy Ellaman,Chitré,7,1,2609,182,203,2427,26.29,1.06,2970
191,Ware Huyche,Santa Maria,9,1,3679,1536,2364,2143,74.0,2.35,1099
192,Amargo Wandless,La Arena,7,2,1665,1434,3693,231,10.71,0.57,820
193,Winifield Fretson,Chitré,5,2,613,164,3250,449,36.61,4.31,1671
194,Erinn Bordiss,La Arena,3,2,3407,2657,1712,750,11.0,2.63,1350
195,Diarmid Beaglehole,Parita,2,1,63,12,2248,51,56.9,0.26,1492
196,Joy Koba,Chitré,7,1,1920,300,1739,1620,52.64,0.17,1113
197,Lion Gillet,La Arena,4,1,164,40,2709,124,55.25,2.07,2072
198,Aubrey De Mitris,El Rincon,9,1,3935,57,2425,3878,25.51,0.69,2127
199,Nora Slavin,Potuga,10,1,3375,2820,1197,555,35.04,2.45,2086
200,Karol Neagle,El Sesteadero,1,2,493,22,2369,471,99.45,2.08,226
201,Juana Tille,Las Tablas,9,1,3173,2194,3567,979,81.84,3.22,1926
202,Marcie Kield,Paris,9,1,2174,1608,3206,566,73.37,3.0,2601
203,Natty Polsin,La Arena,4,2,492,480,448,12,27.62,4.66,878
204,Kailey Coleborn,Pesé,3,2,720,557,1753,163,74.71,0.58,480
205,Whitney Whapham,Monagrillo,10,1,3775,1068,3754,2707,21.18,4.25,3907
206,Charmane O'Keevan,Monagrillo,2,2,796,27,1016,769,30.61,0.13,4959
207,De Fenwick,El Rincon,4,1,2281,1161,2994,1120,1.8,2.68,4007
208,Lotte Bartrop,El Rincon,9,1,2102,9,3752,2093,11.57,0.71,3544
209,Letitia Garaway,Chitré,10,2,3387,434,1320,2953,1.36,0.35,2548
210,Zacharias Winterbottom,Paris,5,2,581,376,1858,205,86.72,0.63,2278
211,Godart Leakner,Pesé,10,1,2121,665,2537,1456,70.48,4.78,2894
212,Leighton Branthwaite,La Arena,7,2,2486,953,1359,1533,79.14,2.78,1914
213,Linnea Le Barr,Los Angeles,7,2,246,203,3067,43,32.45,4.14,1552
214,Shirline Toward,Pedasí,5,1,3489,2696,342,793,34.67,4.64,329
215,Hewitt Wake,Las Tablas,10,2,1342,426,3523,916,56.64,1.36,3196
216,Gusti Dawid,El Sesteadero,10,1,760,546,3654,214,28.61,1.68,2495
217,Cordula Jaggi,Paris,4,1,3910,2445,1660,1465,98.54,3.3,4684
218,Pepito Graine,Pedasí,3,1,2311,224,1527,2087,96.28,2.37,4133
219,Georg Cobley,Potuga,8,1,1205,1161,2712,44,64.85,3.74,4245
220,Kathryn Meriel,Monagrillo,7,2,1162,733,223,429,68.64,3.63,4965
221,Carol Rayman,La Villa de los santos,2,2,2020,404,2070,1616,90.41,4.56,4202
222,Joy Orry,Parita,7,2,658,19,3127,639,76.77,4.84,4185
223,Deni Linkleter,Monagrillo,7,1,2927,1731,1313,1196,95.19,2.51,2384
224,Faina Gruby,Las Tablas,7,2,2023,359,3461,1664,91.44,4.42,184
225,Brod Pizey,Parita,3,2,3878,1978,536,1900,34.38,2.78,2722
226,Rivalee Scallan,Las Tablas,1,1,3782,2447,3213,1335,95.77,2.54,4212
227,Reyna Lamberti,Chitré,8,2,1913,461,3830,1452,95.47,2.23,3676
228,Ignacio Isbell,Chitré,6,1,3064,2710,902,354,64.03,4.13,3002
229,Thane Natte,Los Angeles,6,2,3020,340,554,2680,71.05,2.08,3600
230,Ethe Swindley,Paris,10,2,1547,385,3584,1162,74.68,0.5,3263
231,Jens Somerville,Paris,2,2,3663,1532,2459,2131,83.1,1.98,1442
232,Carlie O'Corrigane,Paris,10,1,163,141,1272,22,17.22,0.5,1665
233,Caren Spur,Chitré,4,2,1554,1073,2883,481,84.5,0.09,309
234,Iorgo McRavey,Potuga,7,1,817,444,1139,373,86.39,2.48,2737
235,Dione Mawer,Santa Maria,2,2,2423,159,682,2264,77.25,0.71,948
236,Dene Camois,La Arena,1,1,2297,2133,3081,164,11.67,1.49,4804
237,Daniela Kopp,Monagrillo,4,2,3377,965,3387,2412,98.95,4.39,2424
238,Guillema Brideaux,El Rincon,5,2,1242,708,1882,534,67.14,3.96,3300
239,Berkie Mayworth,Pedasí,10,2,2935,2314,1161,621,14.85,3.99,975
240,Agathe Lattimer,El Sesteadero,10,2,171,8,2029,163,91.93,4.29,1037
241,Katy Chritchley,"",1,1,839,365,2964,474,13.73,0.74,2428
242,Marilyn Dellow,El Rincon,5,1,1570,382,3697,1188,79.13,3.99,539
243,Stirling Doerffer,Los Angeles,4,1,1122,640,2444,482,12.84,0.95,1139
244,Roderic Yurtsev,La Arena,1,1,3132,997,3049,2135,40.04,3.68,116
245,Mannie Stalman,Pesé,2,2,1183,791,3932,392,83.33,4.49,1348
246,Neysa Choules,Las Tablas,1,1,1234,200,2671,1034,42.26,0.71,2440
247,Constancia Kilduff,Los Angeles,1,2,3868,1984,1546,1884,14.18,1.51,3885
248,Hendrik Longworth,Monagrillo,10,2,3454,247,2145,3207,31.99,2.52,517
249,Harlen Tommasi,Monagrillo,7,2,2020,1467,2189,553,29.39,4.9,1768
250,Kare Btham,Potuga,2,1,1131,961,3610,170,4.55,3.03,3800
251,Grete Stevenson,La Arena,5,2,1265,497,267,768,90.84,1.92,3730
252,Edy Yea,Ocú,9,2,690,689,1725,1,56.17,0.58,3586
253,Sidonnie Vanyatin,"",8,1,872,209,1192,663,81.72,1.87,3707
254,Hildagarde Waring,Monagrillo,8,1,1729,1539,1953,190,42.6,0.73,846
255,Grethel Hovy,La Villa de los santos,9,1,2670,683,877,1987,89.22,2.73,4473
256,Oswald Kowalski,Paris,6,2,3848,1806,553,2042,3.21,4.06,460
257,Dorian Baus,Chitré,4,1,3433,376,2860,3057,20.02,1.12,1093
258,Maria Baldelli,El Sesteadero,10,2,107,43,3172,64,0.29,4.7,1055
259,Caro Mungin,Las Tablas,4,1,2328,1927,3346,401,11.84,4.67,760
260,Barrie Timms,"",2,2,1934,1641,2161,293,22.83,3.05,3412
261,Jorry Craister,El Sesteadero,9,2,858,511,2726,347,98.45,2.22,264
262,Scottie Davie,Pesé,9,2,623,202,2982,421,48.71,1.67,708
263,Townsend Bartolomieu,Monagrillo,10,2,3064,1962,3135,1102,80.31,3.71,4132
264,Edan Twycross,Pedasí,3,1,1455,766,1236,689,43.67,4.29,2019
265,Ganny Quincey,Chitré,2,1,294,76,904,218,58.48,2.22,4002
266,Oswell Scantlebury,Las Tablas,10,2,3314,2385,3184,929,79.58,0.8,747
267,Ondrea Lippett,Las Tablas,2,2,172,107,2104,65,68.79,0.67,4188
268,Esmeralda Belz,La Arena,10,2,2302,724,3316,1578,90.93,0.94,2347
269,Hannie Weakley,El Rincon,5,1,1501,793,1986,708,0.27,2.6,93
270,Travers Merkle,Pesé,1,1,2041,274,1941,1767,82.66,2.62,2529
271,Gustav Chalmers,Chitré,7,2,298,175,2919,123,71.73,0.95,4035
272,Maggie Lively,"",9,1,2932,162,3997,2770,68.82,1.06,134
273,Andrej Arlet,Pesé,4,1,3741,3605,1068,136,90.35,0.75,3303
274,Hannie Jeandillou,Paris,1,2,1676,1552,2558,124,66.17,3.24,3773
275,Wileen Khrishtafovich,Santa Maria,2,2,3808,3048,803,760,13.65,0.7,2264
276,Aubrie Arniz,Monagrillo,3,2,3600,1483,2321,2117,5.12,1.07,4655
277,Chrissie Denyagin,Monagrillo,5,1,1024,89,2485,935,3.87,3.02,76
278,Zonnya Gillman,El Rincon,1,2,2141,649,6,1492,1.23,1.8,3247
279,Fredric Grichukhanov,El Sesteadero,4,2,1212,512,2611,700,44.99,2.57,1015
280,Meagan Benzi,"",5,1,2449,1624,320,825,10.86,4.21,1217
281,Ty Conkling,"",5,1,2204,909,756,1295,43.83,1.33,1257
282,Noell Denholm,La Villa de los santos,10,2,2897,2319,2312,578,49.72,4.59,1388
283,Carleton Garnham,Parita,8,1,3968,523,556,3445,75.89,3.48,4625
284,Ora Pasque,Monagrillo,2,1,3197,1464,2763,1733,86.17,0.1,4073
285,Tessy Grafhom,El Rincon,6,1,2089,472,968,1617,77.03,2.09,323
286,Evania Laphorn,La Arena,8,1,1350,1250,2514,100,64.64,4.48,4514
287,Constancy Fidal,Santa Maria,1,1,2214,83,713,2131,93.74,4.87,3991
288,Marget Aubury,El Sesteadero,1,2,2504,1649,246,855,63.68,1.07,2649
289,Avram Giacomello,Pedasí,8,1,399,65,3967,334,28.59,3.68,1179
290,Bondie Bamber,Chitré,2,2,1529,192,2501,1337,33.07,4.08,832
291,Demeter O'Scannill,"",7,1,541,259,3216,282,22.81,4.96,42
292,Traver Kobierra,Pedasí,8,1,2682,1516,3084,1166,93.69,3.86,3378
293,Tedd Mavin,Santa Maria,1,1,1283,1022,249,261,26.34,0.36,416
294,Hadrian Ouslem,Los Angeles,9,2,1827,784,672,1043,31.19,3.03,2512
295,Vivian Rylands,"",1,2,3614,257,2644,3357,81.02,4.98,2964
296,Edd Van der Spohr,La Villa de los santos,5,1,3693,160,2737,3533,85.39,2.35,102
297,Man Cota,Pesé,1,1,2692,287,1680,2405,32.57,0.77,2843
298,Karoly Hailwood,Pedasí,5,1,3279,1164,521,2115,16.15,0.65,4737
299,Jerrine McGilben,Chitré,1,2,3258,6,3476,3252,98.97,2.52,658
300,Kevyn Mechic,Monagrillo,5,2,917,279,1459,638,0.07,3.55,4770
301,Shelia Besse,Los Angeles,8,2,1144,816,1010,328,21.68,2.05,4039
302,Garrek Sarfas,La Arena,10,1,3749,837,3118,2912,14.26,1.65,4372
303,Rupert Winterton,Ocú,7,1,2382,1638,8,744,78.59,2.5,4317
304,Ryun Curneen,Chitré,7,1,317,123,3242,194,99.6,2.95,396
305,Isadore Abrashkov,Ocú,9,1,3769,3251,18,518,40.68,4.27,4940
306,Ag Maciak,El Sesteadero,3,1,1878,1406,437,472,43.55,0.93,38
307,Shay Comley,Los Angeles,9,1,3976,1284,3522,2692,5.35,0.84,3072
308,Lissie Shurman,Santa Maria,1,1,2575,725,3822,1850,96.89,0.51,538
309,Vivi Dellar,Santa Maria,3,2,504,70,3196,434,12.53,4.89,1564
310,Mano Yerborn,Las Tablas,3,2,3205,2704,3279,501,32.62,4.9,1678
311,Godart Videler,Potuga,2,1,3326,1743,210,1583,84.32,3.33,3959
312,Storm Mussington,Santa Maria,1,1,2054,1942,3623,112,56.04,0.04,1654
313,Larina Satford,La Arena,7,1,3053,2362,563,691,28.85,4.54,4288
314,Ignace Mordey,Santa Maria,6,1,1093,668,3251,425,0.91,2.56,3305
315,Winny Goodlife,Potuga,7,2,1158,730,1019,428,7.45,1.48,2554
316,Isahella Keighly,Las Tablas,8,2,3624,709,91,2915,93.32,3.39,1267
317,Laryssa Doumerque,Parita,4,2,1747,390,693,1357,6.35,0.51,896
318,Wittie Balch,Pedasí,4,2,2888,1166,1052,1722,11.79,0.8,2517
319,Geno Le Grove,La Villa de los santos,4,1,645,574,1697,71,4.51,4.24,2895
320,Earvin Slyde,"",3,2,2899,2261,1709,638,35.37,3.41,2419
321,Rosie Sulman,Monagrillo,10,1,298,124,1878,174,21.76,1.31,241
322,Hadley Taffee,"",6,1,2232,2114,85,118,23.08,1.38,65
323,Ennis Petersen,La Villa de los santos,8,2,576,353,504,223,39.67,1.21,4331
324,Sutton Blakiston,El Rincon,5,1,3887,3532,2757,355,51.51,2.68,1390
325,Cathryn Regan,El Sesteadero,8,1,226,98,1384,128,69.74,2.33,442
326,Burr Lotterington,Santa Maria,5,1,2187,814,931,1373,57.11,2.89,2005
327,Mercedes Aldersey,Parita,10,2,1029,348,3697,681,14.39,1.5,4614
328,Giorgio Purtell,Las Tablas,10,2,2678,779,822,1899,99.7,1.02,1746
329,Dalis Spurriar,Parita,5,1,3888,3543,1169,345,50.99,3.63,4932
330,Olenka Ellerington,El Sesteadero,8,2,2534,1862,801,672,89.02,3.87,3026
331,Stafford Gosby,El Rincon,10,2,2820,708,2108,2112,78.65,1.89,4867
332,Launce Smelley,El Rincon,5,2,1512,267,1914,1245,37.84,2.17,1413
333,Bryant Alleway,Las Tablas,8,2,3174,1135,27,2039,61.09,0.66,2564
334,Bjorn Bewlie,"",8,1,3735,2141,1538,1594,15.41,2.45,3623
335,Claire Pavlovic,Pesé,1,2,3046,3039,3384,7,99.8,4.28,1191
336,Devina Fettes,Potuga,8,1,2456,1909,2837,547,95.29,1.88,4476
337,Byran Benam,"",4,1,2516,1200,1805,1316,70.07,1.56,2953
338,Tamiko Haverty,Pedasí,7,2,3739,2002,688,1737,25.0,3.73,4859
339,Elly Holtham,El Rincon,10,1,3061,910,2068,2151,74.07,0.8,1807
340,Lola Chandler,Los Angeles,2,2,3241,3162,543,79,81.76,0.09,893
341,Appolonia Mougenel,El Rincon,10,2,1901,1247,1220,654,25.24,0.29,2397
342,Eddie Kupke,Ocú,5,1,1063,691,1252,372,98.48,0.01,1883
343,Gert Futter,"",5,1,576,523,2188,53,20.54,1.93,4028
344,Eddy Stiegars,Pedasí,7,2,980,201,1227,779,37.0,4.22,3565
345,Shawn Jereatt,Pesé,1,2,1096,551,871,545,76.52,3.01,1737
346,Guthrey Byatt,"",7,1,2207,1676,2223,531,42.02,0.48,369
347,Nedda Sneesbie,Parita,6,2,2766,2446,366,320,11.41,4.78,417
348,Mab Seif,Paris,4,1,3290,60,3733,3230,91.57,3.6,3808
349,Carilyn Ladley,Monagrillo,6,1,1012,158,2072,854,7.61,4.05,2397
350,Toinette Calverd,Ocú,1,2,168,154,2799,14,86.26,3.23,1120
351,Ardelia Withey,La Arena,4,1,2906,725,1025,2181,47.89,4.6,2402
352,Alida Cavan,Santa Maria,3,2,2034,397,2358,1637,30.34,3.87,2062
353,Kimmie Cadding,Chitré,9,1,1994,772,2942,1222,6.09,3.71,4921
354,Devlen Ilson,Ocú,4,1,3686,11,329,3675,73.85,4.4,696
355,Ardyth Cawthera,Las Tablas,2,1,1187,384,1769,803,56.31,2.79,2172
356,Marj Crevy,La Villa de los santos,8,2,1855,705,2906,1150,21.98,0.41,3781
357,Pernell Broodes,Paris,1,2,2074,1735,931,339,39.2,4.64,588
358,Lana Szymczyk,Ocú,1,1,195,42,1778,153,9.19,4.59,2475
359,Reidar Justice,Potuga,1,2,676,271,3313,405,63.77,0.13,165
360,Ram Lunam,Ocú,4,1,1032,177,1086,855,16.65,2.11,1155
361,Kyrstin Bedminster,Pesé,6,1,2783,2738,2724,45,45.2,4.24,2109
362,Bevin Simister,La Villa de los santos,6,2,71,43,455,28,69.81,2.21,703
363,Giraud Mouan,Los Angeles,7,1,483,350,3485,133,84.21,2.31,4108
364,Marchelle Ebbotts,La Villa de los santos,9,1,347,132,2304,215,80.13,0.73,3267
365,Robinet Casa,Monagrillo,1,1,1825,1230,1051,595,25.87,2.17,2317
366,Marion Billyeald,La Villa de los santos,5,1,2130,1320,1035,810,57.41,3.67,4947
367,Cullin Hook,Los Angeles,2,1,3903,1574,3678,2329,93.39,0.52,3457
368,Reinwald Petticrow,El Rincon,3,1,3130,2524,2332,606,2.02,3.8,3070
369,Hertha Livett,Parita,8,1,2745,1487,3674,1258,47.1,2.76,721
370,Bealle Morgan,Pedasí,8,2,536,274,3416,262,20.95,0.25,1142
371,Indira Frisby,Pedasí,8,2,3012,773,725,2239,50.7,0.39,1409
372,Dinnie Timcke,Pesé,7,2,3259,662,2006,2597,98.91,2.81,2233
373,Felicity Newick,Santa Maria,4,2,1816,234,1481,1582,3.06,1.99,1259
374,Price Charge,Parita,9,2,2354,967,3276,1387,40.78,3.04,467
375,Fabian Devers,Parita,7,2,1178,246,1188,932,35.56,4.98,444
376,Vicky Redihough,Potuga,9,1,1296,393,2327,903,36.05,2.44,883
377,Arlie Bannard,Monagrillo,3,1,3076,177,3400,2899,76.67,3.03,2106
378,Elyssa Aleksich,Santa Maria,2,2,2329,403,3415,1926,47.47,2.08,3161
379,Thornie Tween,Paris,8,2,538,498,1854,40,95.11,0.64,1145
380,Wilfrid Murray,Monagrillo,1,2,229,115,829,114,9.74,1.27,4197
381,Myrilla Stimpson,Monagrillo,1,2,2751,611,7,2140,14.13,2.64,3659
382,Almire Poskitt,"",2,1,561,136,2680,425,82.06,3.0,1282
383,Salvador Murrison,Parita,7,2,1168,572,1971,596,3.07,4.01,973
384,Jarid Grinov,Paris,6,1,3953,122,990,3831,76.9,3.36,1083
385,Emmy Rallin,Santa Maria,9,1,1414,402,2043,1012,3.65,1.39,50
386,Jillane Hargess,El Rincon,8,1,2260,124,3305,2136,44.84,3.57,1317
387,Orlando Wanderschek,Pedasí,2,2,2848,835,1659,2013,23.84,2.51,4123
388,Burl Prandy,Chitré,9,1,2604,1386,442,1218,48.69,1.16,3719
389,Kristoffer Abrehart,Ocú,2,1,1133,108,2675,1025,46.24,3.49,4283
390,Alison Seger,La Villa de los santos,7,1,2041,1928,342,113,97.91,4.68,639
391,Lyell Hardwell,Las Tablas,7,1,3915,2045,281,1870,92.52,3.35,1535
392,Ingunna Sturridge,El Sesteadero,1,1,3210,1790,377,1420,2.45,3.05,4917
393,Nettie Gut,La Villa de los santos,4,2,3376,3287,3840,89,15.18,2.78,3400
394,Lisle Sansome,La Villa de los santos,1,1,987,33,3882,954,41.65,2.51,4920
395,Steffane Clara,Pedasí,10,1,451,382,255,69,18.28,1.04,869
396,Claudia Sturch,Ocú,2,2,1390,670,409,720,92.02,0.73,4717
397,Ricky Eyden,El Rincon,10,1,2854,2682,1330,172,85.38,3.73,4948
398,Hamlen Culver,Santa Maria,9,1,2478,837,1904,1641,73.03,0.18,2740
399,Addison Hayers,Chitré,9,1,899,695,3423,204,40.24,2.5,96
400,Thurstan Nel,Paris,6,2,2576,2375,3281,201,56.77,1.58,1358
401,Tonye Hallford,La Arena,1,1,1246,1043,745,203,24.71,2.64,1464
402,Car Kesey,Potuga,2,1,2985,2602,2805,383,53.95,3.22,715
403,Cassandry Elkington,Pedasí,4,1,330,243,3868,87,41.61,1.49,1419
404,Dawna Kerswill,La Villa de los santos,10,2,2703,446,2366,2257,48.97,4.82,4338
405,Hieronymus Capehorn,Pedasí,1,2,3925,3557,3901,368,3.72,2.09,4673
406,Sylas Jacobowicz,Monagrillo,4,2,1145,294,533,851,57.83,4.33,4520
407,Adolph Kinchin,La Arena,6,2,1750,97,1274,1653,46.58,3.43,2395
408,Nananne Davydzenko,Las Tablas,4,2,719,544,3677,175,95.35,2.85,4084
409,Eveline Passie,Pedasí,2,2,1925,404,97,1521,52.04,2.12,4181
410,Jacquette Lammert,La Villa de los santos,8,1,1240,1180,2553,60,16.48,2.45,2735
411,Delmore Blundan,Las Tablas,1,1,485,365,3009,120,92.88,3.98,4937
412,Karlens Buckwell,Potuga,5,1,3688,1483,2180,2205,21.23,3.28,1280
413,Tomi Liversage,El Sesteadero,2,2,1090,174,967,916,53.75,0.28,3596
414,Lionel Knibb,"",3,2,2359,1357,1379,1002,67.92,2.16,2665
415,Dynah Chantillon,El Sesteadero,3,1,2478,515,2683,1963,47.76,4.61,4841
416,Elie Priddie,Monagrillo,5,1,2214,1536,1650,678,50.06,2.0,1339
417,Faber Aviss,Santa Maria,4,1,1947,1380,496,567,97.78,1.12,3753
418,Del Bonaire,La Villa de los santos,2,2,1978,981,1958,997,43.73,0.95,63
419,Renaldo Tremathack,Monagrillo,9,2,2273,473,173,1800,52.89,4.83,3981
420,Godfree Roscam,Ocú,2,2,2484,1876,941,608,55.38,1.37,4657
421,Felicdad Abry,Chitré,7,2,2775,782,1421,1993,60.7,4.44,2899
422,Filippo Maciak,La Arena,8,2,180,98,395,82,1.65,4.05,1317
423,Leeanne Rudgard,Pesé,5,1,13,5,2244,8,42.04,1.09,610
424,Gardner Grenshields,Paris,3,1,25,5,915,20,6.66,1.28,4813
425,Tatum Jakeman,Las Tablas,2,1,323,141,916,182,57.81,3.29,967
426,Devy Abercrombie,Pedasí,5,2,2089,379,270,1710,13.39,4.56,2745
427,Earle Le Hucquet,Pesé,2,2,533,500,24,33,10.36,1.29,4312
428,Selle Mobberley,"",8,2,858,426,1061,432,21.32,0.85,4389
429,Robenia Goodhall,Santa Maria,9,2,2819,795,3344,2024,99.34,3.98,4840
430,Sapphira Arrigucci,"",9,2,639,553,2529,86,13.43,1.84,3061
431,Jerrome Pidgeley,"",5,1,152,35,3824,117,52.33,1.2,4380
432,Pansie Chopy,Pedasí,1,1,3593,1227,2622,2366,61.89,4.3,2095
433,Eadmund Boxhill,El Sesteadero,5,1,3320,2776,1465,544,1.28,2.14,3282
434,Michel Ramsdale,La Arena,2,1,1134,662,2076,472,20.59,0.09,3942
435,Ancell Dodworth,El Rincon,7,1,278,99,2372,179,54.58,3.77,4296
436,Robbin D'Hooghe,Ocú,4,2,1410,178,1533,1232,54.35,0.91,2529
437,Skippy Ubsdell,El Rincon,1,1,3478,3395,3266,83,72.55,3.03,575
438,Eartha Olenov,Santa Maria,10,2,1776,1102,3119,674,54.2,4.93,487
439,Terza Hymor,Parita,10,2,1821,1335,846,486,21.93,1.74,3856
440,Lucretia Tolliday,Chitré,6,1,1346,225,3750,1121,11.18,1.47,8
441,Augustin Johanning,La Arena,2,1,1441,557,2130,884,95.84,2.55,2857
442,Michele Girsch,La Arena,4,2,1956,798,285,1158,48.91,2.1,628
443,Sibley Faulconer,Ocú,1,1,1355,1196,2452,159,52.48,2.39,585
444,Damon Roberto,La Arena,3,2,3839,1994,211,1845,48.49,1.23,3525
445,Olia Utting,Monagrillo,7,2,1422,1199,3590,223,99.15,4.37,3008
446,Gabrielle Lorrimer,"",2,1,3924,1570,1962,2354,83.65,0.59,2376
447,Dru Beardall,La Arena,10,2,2285,1535,1447,750,0.52,3.53,2710
448,Morlee Flute,Santa Maria,6,1,2662,2438,2356,224,74.79,3.95,1961
449,Herc Winton,Potuga,3,1,1677,1467,1630,210,18.44,3.43,199
450,Arne Towe,La Villa de los santos,2,1,3218,2868,150,350,60.78,0.01,3552
451,Kizzie Yexley,Pedasí,6,2,1557,1288,10,269,90.75,1.11,2198
452,Carmel Jonas,Chitré,10,2,274,6,809,268,44.7,0.04,4837
453,Kip Neames,La Villa de los santos,4,1,3162,1299,1805,1863,77.3,3.63,1113
454,Hana Cummins,Los Angeles,6,2,893,731,1949,162,71.63,0.98,3088
455,Ursala Manlow,Chitré,4,1,1690,279,2216,1411,2.12,3.1,1091
456,Tonye Lawles,Parita,9,2,582,409,3661,173,99.72,4.63,3608
457,Sara-ann Sturm,Los Angeles,5,2,2279,103,1598,2176,5.59,2.1,798
458,Howey Brogi,La Villa de los santos,6,2,3389,3033,1290,356,82.78,1.04,4083
459,Welbie Doulton,Monagrillo,1,1,38,2,504,36,89.26,2.77,3899
460,Aldrich Giacopello,Pedasí,3,2,2867,190,1518,2677,35.08,3.05,495
461,Scott Prandy,El Sesteadero,8,2,1034,675,2336,359,81.39,4.62,257
462,Jacqui Macellar,La Villa de los santos,6,1,2445,1412,3439,1033,84.88,3.95,2970
463,Leora Rispen,Potuga,2,1,3829,2174,2700,1655,80.74,2.0,2055
464,Tiler Fawthrop,"",10,2,3125,1929,1631,1196,27.68,4.82,793
465,Tanhya Pledge,Chitré,9,1,1309,1158,2942,151,22.68,0.55,2163
466,Orelee Sholl,La Arena,5,2,3571,3404,3532,167,38.77,4.68,3921
467,Martie Bubbins,El Rincon,3,1,944,726,2017,218,77.55,4.4,1333
468,Dew Ortelt,Chitré,3,1,872,81,305,791,20.81,2.28,2215
469,Kelcey Rings,Santa Maria,10,2,3737,2066,304,1671,37.66,1.99,2152
470,Ervin Outright,El Rincon,4,1,3131,1183,1034,1948,84.64,1.59,2224
471,Andros Atchly,Paris,8,1,894,92,3959,802,98.39,4.24,4227
472,Alfonso Penney,Pesé,2,2,1462,1179,2459,283,51.26,2.26,4480
473,Yolande Chessell,Paris,5,1,295,232,3914,63,82.03,0.39,2238
474,Herschel Drowsfield,El Rincon,6,2,2859,2446,2690,413,29.77,4.16,4321
475,Chan Beminster,Chitré,3,2,531,211,2423,320,99.96,0.67,1415
476,Gwenette Berlin,"",7,1,1957,647,1948,1310,28.81,1.13,176
477,Joey Showers,El Rincon,7,1,3505,1004,1937,2501,15.24,0.41,3912
478,Binny Brehat,Las Tablas,1,1,919,84,3457,835,36.03,2.35,4092
479,Montgomery Harce,Potuga,9,1,1833,1460,2371,373,40.8,1.44,4924
480,Averell Mound,Monagrillo,4,2,737,505,2323,232,25.03,4.94,2567
481,Lorry Skelly,Potuga,9,2,3301,2811,653,490,72.16,1.98,2519
482,Carree Rouse,El Rincon,10,1,1636,1395,414,241,68.8,2.01,1784
483,Jojo Bunyan,Pesé,10,2,1307,556,2529,751,88.39,3.15,4824
484,Manuel Parnham,Parita,2,1,1391,419,2477,972,45.07,4.66,354
485,Rhett Hannabuss,Paris,2,1,3515,1385,1406,2130,74.34,1.57,3958
486,Collie Juszkiewicz,Santa Maria,4,1,1054,180,520,874,77.99,0.1,2982
487,Cornelle Wiggam,Las Tablas,2,1,2665,1756,3828,909,1.68,3.74,1360
488,Jena Trace,Las Tablas,6,2,2813,878,3144,1935,19.27,3.2,1978
489,Gweneth McGarva,Los Angeles,3,2,3210,3074,3275,136,57.21,3.44,1071
490,Rosette Picot,Ocú,8,1,3104,1732,869,1372,24.35,4.86,4340
491,Romona Aylmore,Pesé,9,2,2196,2154,2429,42,36.12,2.42,1995
492,Towny Brumfitt,Potuga,2,2,3124,788,812,2336,90.1,1.56,4922
493,Matthiew Teligin,Chitré,6,2,1752,1134,2943,618,91.62,4.89,1937
494,Farra Gentle,Santa Maria,7,2,3083,1036,2078,2047,77.83,1.39,2539
495,Rosamond Goodbourn,Pesé,10,2,439,318,2461,121,21.0,2.78,115
496,Husein Rilton,La Arena,3,1,3769,3553,2853,216,34.98,0.47,2727
497,Roanne Ottewill,Ocú,7,2,391,117,2594,274,65.19,4.14,3480
498,Lyn Meedendorpe,Santa Maria,7,2,2622,487,283,2135,31.41,4.65,70
499,Livvy Wasselin,Los Angeles,4,1,2936,2476,840,460,17.18,4.63,3378
500,Kari Gammett,Pesé,6,2,2132,1833,1536,299,61.64,2.07,3835
501,Theadora Catcherside,Paris,10,2,644,594,1376,50,51.01,1.77,656
502,Hermon Thackston,Parita,6,2,2763,2134,2093,629,58.98,0.16,1097
503,Neville Wellum,La Arena,8,1,672,294,641,378,49.41,2.31,2649
504,Wileen Rowbrey,Pedasí,3,2,1788,1106,744,682,47.46,3.46,337
505,Clarance Cayton,Los Angeles,10,2,2693,1343,3994,1350,72.55,2.13,588
506,Alec Bangiard,Pesé,2,2,3514,471,3204,3043,79.19,3.51,1890
507,Niki McCullogh,Pedasí,2,2,2640,858,2413,1782,41.72,4.81,2849
508,Morey Hand,Los Angeles,6,2,3464,1564,2413,1900,84.55,3.13,3960
509,Wallis Lanfranchi,Ocú,10,1,1353,1332,2722,21,82.37,1.42,750
510,Kai Hennemann,Paris,4,2,2698,2682,2631,16,88.17,4.41,1755
511,Shannen Appleby,Chitré,1,2,319,44,3951,275,58.34,3.93,2115
512,Jemmie Hayter,Los Angeles,7,1,737,4,2167,733,68.06,1.72,2929
513,Maressa Chattington,Las Tablas,7,1,2594,2462,1096,132,79.77,4.03,4901
514,Helaine Batterson,Los Angeles,9,2,827,301,3753,526,66.29,4.56,1525
515,Dayna Douglass,El Sesteadero,9,1,3830,1009,2992,2821,38.79,1.29,4057
516,Alfredo Liversley,Las Tablas,5,2,3970,1519,1799,2451,53.1,2.1,1458
517,Emelina Pagon,"",6,1,2017,542,2263,1475,26.96,3.83,2482
518,Trina Robet,Santa Maria,2,2,1124,976,1087,148,88.79,4.2,3339
519,Hedi Girauld,Potuga,3,1,582,360,103,222,57.69,2.9,1418
520,Zahara Laux,Pesé,2,1,546,466,1425,80,20.73,2.89,1542
521,Bowie Sharply,Paris,2,1,1358,1288,934,70,57.54,0.29,4547
522,Durward Simyson,Los Angeles,3,2,372,286,1658,86,81.22,1.78,3154
523,Dierdre Zamora,Potuga,3,1,1199,469,3126,730,36.74,4.03,3998
524,Lexy Caselli,Los Angeles,8,2,3793,1774,1574,2019,61.9,2.84,3787
525,Eleanore O'Hear,La Arena,8,1,3680,1990,2776,1690,65.85,0.26,4950
526,Emmi Hailey,Monagrillo,10,2,3831,2806,3995,1025,13.43,2.83,221
527,Ritchie Mixworthy,La Arena,5,1,3202,663,116,2539,84.91,1.78,4329
528,Gnni Mathieu,Ocú,9,2,470,373,685,97,84.05,0.29,1400
529,Vinni Hessenthaler,La Arena,3,1,3610,680,8,2930,12.65,3.51,3095
530,Prince Meegin,"",6,1,777,469,215,308,7.26,0.34,3410
531,Renee Shearsby,La Arena,2,1,3131,2635,3637,496,97.35,3.73,1132
532,Kattie McCreary,Ocú,7,2,534,120,138,414,17.36,1.43,3312
533,Ronnie Syddall,Ocú,5,2,2945,896,1983,2049,44.95,4.43,3365
534,Kasper Karczinski,Paris,5,1,759,292,1098,467,18.69,0.51,2220
535,Birgit Bignall,Las Tablas,10,2,183,162,2022,21,7.58,4.11,496
536,Joseito Jovasevic,Los Angeles,1,2,91,50,1591,41,96.21,4.46,3362
537,Cher Braniff,Las Tablas,7,1,2689,2195,2220,494,1.07,0.07,4676
538,Harli Deacock,Potuga,9,2,1302,199,1827,1103,98.74,0.89,2768
539,Darryl Peedell,Monagrillo,8,1,3513,1880,1574,1633,2.36,2.89,3309
540,Jacquetta Gaskamp,Ocú,8,2,3121,1737,3781,1384,54.36,4.71,3577
541,Lionello Gater,Pesé,5,1,2039,1783,3274,256,87.82,0.04,1322
542,Adora Combe,"",10,1,3385,457,2721,2928,12.75,4.28,702
543,Antonino Claydon,Paris,7,1,3037,2914,2993,123,82.15,4.18,1440
544,Camille Messum,Potuga,5,2,444,356,1131,88,46.23,1.87,4022
545,Herby Prescot,Potuga,4,1,1796,921,3654,875,12.78,1.29,1662
546,Shirlee Gonthier,Paris,5,2,801,666,2229,135,91.69,1.97,4503
547,Chryste Kneller,Los Angeles,9,1,2360,1356,1496,1004,77.66,1.62,193
548,Etienne Sabathe,Chitré,2,2,1216,363,2556,853,18.81,1.13,2852
549,Winnah Bysaker,La Villa de los santos,9,2,3952,615,1959,3337,91.33,0.45,4978
550,Corine Hatchell,La Villa de los santos,9,2,593,31,3198,562,63.74,3.62,5
551,Catherina Eudall,Pedasí,9,1,462,40,2172,422,26.57,3.74,2007
552,Betteann Python,La Arena,8,1,524,233,3106,291,15.75,2.59,3057
553,Devina Phil,Las Tablas,10,1,2336,1256,1606,1080,93.19,1.01,1588
554,Kris Trude,Pesé,2,1,3723,2423,860,1300,63.74,0.96,3908
555,Jillane Siggers,El Rincon,7,2,60,27,191,33,7.59,0.27,4185
556,Oberon Mellor,La Arena,5,1,2209,1670,2486,539,69.75,4.15,141
557,Maighdiln Geraudy,Pesé,10,2,1227,70,451,1157,63.53,0.91,1716
558,Leeann Fernie,Pesé,6,1,2347,2306,2529,41,21.34,4.15,3652
559,Aubrette Van den Velden,Chitré,2,1,1043,651,1461,392,70.97,2.63,359
560,Moss Spuner,Pesé,7,1,521,387,1786,134,53.81,4.78,3530
561,Arlyne Haygreen,El Sesteadero,8,2,2200,233,1746,1967,25.72,3.09,803
562,Onfroi Ginn,"",6,2,3907,237,3311,3670,86.31,2.36,4728
563,Faulkner Kenefick,Los Angeles,10,2,3834,1455,1074,2379,73.86,0.57,3446
564,Mervin Guillerman,La Arena,3,1,3661,148,3247,3513,78.95,3.51,1389
565,Ewan Dmitrovic,La Villa de los santos,2,2,1774,1600,1996,174,91.86,1.1,2456
566,Danya Bleackly,Parita,2,1,2629,1802,2404,827,46.77,0.51,1583
567,Agace Brearley,Las Tablas,5,2,2635,371,1072,2264,48.59,4.18,109
568,Maurita Hollidge,La Villa de los santos,7,1,3047,1881,1874,1166,40.98,3.1,118
569,Loleta Lackington,Monagrillo,2,2,218,42,1288,176,79.25,4.88,1262
570,Harriott Thring,"",7,1,1688,452,2679,1236,42.42,0.08,849
571,Bil Nardoni,Los Angeles,5,1,1781,1510,1617,271,14.27,4.13,4303
572,Vasili Torfin,Pedasí,3,1,2327,323,2813,2004,41.21,0.34,631
573,Alphonse Wooller,La Arena,9,2,2982,1091,2364,1891,51.32,1.2,2825
574,Willi Chill,Santa Maria,1,2,589,411,216,178,34.71,0.57,236
575,Bartholemy Sydenham,El Sesteadero,4,2,1526,338,1630,1188,82.19,2.0,1548
576,Barnaby Doll,Pesé,7,1,2648,331,74,2317,50.89,2.33,1150
577,Zacharie Skypp,Las Tablas,4,2,18,4,20,14,6.07,3.23,3833
578,Wyn Diter,Ocú,7,1,3973,584,2454,3389,20.81,2.19,1575
579,Concordia Robard,Parita,9,2,3692,2410,64,1282,75.98,3.88,4867
580,Jaquenette Vedishchev,Monagrillo,1,1,1054,46,165,1008,16.62,1.14,625
581,Meyer Hamly,Los Angeles,10,2,857,732,1842,125,50.93,3.96,1868
582,Brig Twelvetrees,Los Angeles,7,2,747,273,2430,474,64.48,3.67,4253
583,Brittany Liepmann,Los Angeles,7,1,1583,235,650,1348,59.7,4.82,3623
584,Dacey Halworth,Ocú,3,2,1359,992,686,367,91.92,2.31,3311
585,Marika Redborn,La Villa de los santos,9,1,1030,899,523,131,1.19,4.5,1510
586,Imelda Gibbett,La Villa de los santos,6,2,2686,787,1430,1899,96.75,0.37,4338
587,Tracy Christall,Pedasí,2,1,3120,620,3168,2500,12.95,3.26,3774
588,Roshelle Dahl,"",2,2,3670,2921,3554,749,9.45,4.33,3631
589,Andie Bloxholm,El Rincon,1,2,3461,1339,3540,2122,30.09,2.09,3914
590,Anneliese Fautly,Chitré,4,1,551,218,3356,333,48.88,0.95,1012
591,Sib Sego,El Sesteadero,9,2,2393,894,81,1499,71.93,3.37,839
592,Ambrosi Mingardi,Ocú,8,1,1061,451,2397,610,95.49,1.16,3932
593,Waverley Jansa,Ocú,3,2,3741,3686,2038,55,61.58,2.64,4815
594,Aveline Cantor,Los Angeles,6,2,133,127,981,6,82.24,3.75,1854
595,Xever Danielkiewicz,La Villa de los santos,10,2,2270,1338,2839,932,16.95,1.36,3340
596,Nerty Margerison,Paris,3,1,933,746,2038,187,89.04,0.95,3418
597,Deeanne How to preserve,Los Angeles,8,2,1427,1234,43,193,24.92,0.2,4103
598,Andres Pockey,La Villa de los santos,8,2,2907,1042,3760,1865,41.12,0.44,411
599,Norton Livingston,"",1,2,1106,640,1152,466,34.56,2.24,1982
600,Georgianne Tootin,Parita,1,1,3692,1043,1754,2649,98.91,4.15,1175
601,Tulley Shave,Parita,7,1,160,103,2968,57,26.07,2.5,200
602,Vonni Lynam,Santa Maria,8,1,1810,889,2839,921,62.73,0.27,2505
603,Even Ranahan,La Villa de los santos,8,2,3595,3386,1542,209,41.4,1.82,3707
604,Colas McKeighen,Pesé,10,1,2564,233,1572,2331,64.04,1.2,1809
605,Windy Caurah,Los Angeles,10,1,3379,3160,3253,219,38.17,0.8,2930
606,Izzy Gantzer,Ocú,8,2,1143,938,3098,205,44.02,3.65,4002
607,Gratia Wile,Pesé,4,1,2835,1497,3762,1338,41.94,1.71,2079
608,Kippar Dyson,Los Angeles,10,2,224,223,2353,1,83.16,0.33,3742
609,Portia Targe,Los Angeles,2,2,2374,1280,2776,1094,96.92,1.58,988
610,Debbie Ferronel,Monagrillo,9,2,2198,1983,2793,215,68.06,2.17,444
611,Katherina Linacre,El Rincon,8,1,3499,3017,2548,482,71.48,1.43,3206
612,Izak Janos,Pesé,2,2,3784,2367,1777,1417,22.25,3.78,3812
613,Gibby Igounet,Ocú,7,2,649,616,894,33,31.1,4.12,4600
614,Devon Dressel,Potuga,4,1,3735,1480,1131,2255,86.22,1.91,2381
615,Vickie Copeman,"",2,1,1549,400,1413,1149,13.26,3.06,434
616,Molli Scrivener,Monagrillo,6,2,2761,628,717,2133,31.81,0.96,3804
617,Aubrette Vernazza,Chitré,6,1,798,393,631,405,18.71,1.48,1577
618,Nananne Stait,"",3,2,3583,2793,1175,790,20.3,4.41,4701
619,Garrott Galbreth,Santa Maria,2,2,2771,1277,2002,1494,7.45,1.32,1303
620,Emalia Degan,Pedasí,3,2,1223,317,3766,906,78.39,1.01,768
621,Brent Boyland,Los Angeles,5,2,65,49,1623,16,1.76,4.11,2406
622,Val Corbitt,La Villa de los santos,9,1,1046,250,3295,796,51.24,2.61,3655
623,Emlyn Webb,"",6,1,2856,1353,3447,1503,60.35,1.52,701
624,Keelby Beagles,Las Tablas,1,1,1141,904,3025,237,85.66,3.34,238
625,Nolana Perring,Paris,7,1,3506,2036,3508,1470,39.42,2.12,2770
626,Isidro Alvis,Santa Maria,8,1,666,162,2387,504,45.03,3.45,1330
627,Nerta Dolder,El Rincon,10,1,3355,3315,1304,40,55.42,2.68,4782
628,Tadeo Kahen,Parita,8,1,3445,1944,3506,1501,54.3,4.9,2074
629,Rorie Tarbatt,Las Tablas,6,2,1480,1456,1745,24,23.4,1.88,4717
630,Eugenie Gilhespy,La Arena,10,1,3387,3327,2266,60,61.49,4.29,1507
631,Elie Delany,La Arena,7,2,1155,805,816,350,54.76,3.86,3571
632,Kippie Feldmann,Monagrillo,5,1,2263,1246,2045,1017,58.44,1.23,2699
633,Isahella Aimer,"",5,2,2526,2498,241,28,53.89,1.92,2512
634,Krispin Thatcham,Monagrillo,6,1,84,60,3308,24,86.1,3.97,4180
635,Celene Bloodworth,Pedasí,3,2,2618,316,922,2302,90.4,3.14,2849
636,Dalenna Padula,El Rincon,6,2,3925,661,3479,3264,88.19,1.56,4689
637,Kim Dorant,El Sesteadero,10,2,2176,787,2491,1389,67.4,4.3,1869
638,Jard Keeves,Chitré,3,2,3431,1536,3717,1895,6.36,2.11,3
639,Dylan Torregiani,Chitré,6,1,2176,1408,471,768,60.29,1.28,1668
640,Kenn Dacombe,"",6,2,2650,1077,2368,1573,84.61,0.07,502
641,Nancie Sainteau,"",9,2,2732,2478,1934,254,81.13,1.78,4547
642,Corrie Ivanikov,Los Angeles,10,2,3829,1793,3986,2036,25.79,4.62,3278
643,Aldus Beynon,El Sesteadero,1,1,783,520,455,263,59.98,2.3,2593
644,Melanie Wooles,Chitré,3,1,1168,424,3857,744,75.82,0.08,4512
645,Denise Hawgood,El Sesteadero,7,1,2017,1238,1967,779,33.37,4.02,968
646,Odelle Lipyeat,Las Tablas,2,2,2690,620,597,2070,70.96,3.36,4839
647,Minny Ambrogi,Los Angeles,2,1,2207,1617,1953,590,4.8,0.01,2453
648,Lowell Bartomeu,Ocú,7,1,2763,2305,2910,458,7.46,2.0,1715
649,Tracie Collin,Las Tablas,5,1,3352,547,924,2805,34.39,2.07,887
650,Kenton Easter,La Arena,8,2,1940,1620,1929,320,33.61,2.74,2134
651,Channa Kensall,Paris,2,2,3736,3212,475,524,77.29,2.82,3555
652,Antons Fennessy,La Arena,10,1,2210,1404,720,806,79.43,1.93,2718
653,Taryn Murtimer,La Villa de los santos,6,2,3597,2941,3388,656,4.12,3.84,759
654,Modestine Lovekin,Paris,1,2,1003,734,2490,269,9.43,2.93,3384
655,Alvie Carlucci,Potuga,9,2,2371,2188,3045,183,93.46,4.92,4238
656,Dillie Comley,Pedasí,6,2,1233,388,2488,845,4.05,4.7,3938
657,Ellary Boshell,Los Angeles,7,1,3584,1276,638,2308,5.66,0.47,746
658,Alley Sibborn,La Arena,3,2,2456,1791,65,665,33.3,3.39,3283
659,Mirelle Jebb,Chitré,1,1,3220,2055,3263,1165,39.85,1.69,4525
660,Jo-anne Stroband,Potuga,10,2,3416,1430,673,1986,18.59,3.85,4604
661,Woodrow Hamlyn,Chitré,4,1,3207,1049,1016,2158,37.46,1.45,3195
662,Gregoor Briston,Pedasí,6,2,2253,104,1632,2149,85.26,3.41,1219
663,Willie Strugnell,Pedasí,4,2,3301,385,258,2916,50.59,4.08,3761
664,Cookie Wingrove,Parita,8,2,1877,1382,3369,495,47.28,2.0,2960
665,Wyn Nuzzti,Santa Maria,7,1,1291,533,3663,758,36.78,4.09,2633
666,Carlynn Knott,Paris,2,2,3747,2804,2121,943,25.04,2.46,3674
667,Rich Yurenin,Potuga,7,1,847,762,1694,85,19.51,2.69,4098
668,Harmony Rubinovitch,Las Tablas,3,2,2505,438,606,2067,25.24,3.18,246
669,Korie D'Hooge,El Rincon,2,1,175,2,3969,173,95.99,1.41,1900
670,Oriana Vevers,Las Tablas,5,1,1766,270,1592,1496,8.51,4.14,1505
671,Daffy Kuhwald,Ocú,1,2,905,722,2317,183,53.58,0.48,2569
672,Teressa Ollcott,Ocú,4,2,1143,9,1118,1134,95.83,2.47,861
673,Jarrad Domelow,La Villa de los santos,10,2,1395,949,318,446,7.75,3.35,3025
674,Klara Bain,"",9,2,2922,345,1598,2577,22.53,1.88,3791
675,Glenna Blabey,Potuga,8,2,2957,47,1409,2910,40.1,1.62,3232
676,Ulrica Brocklehurst,"",4,2,346,43,2179,303,69.92,4.41,105
677,Caril Lindley,La Villa de los santos,6,1,371,332,3139,39,11.89,0.14,3552
678,Gerrie Harverson,Pesé,1,2,2620,74,1400,2546,36.66,4.56,182
679,Misty Lambertz,Potuga,8,2,1766,851,2529,915,32.95,4.53,4638
680,Rosalia Shenfisch,El Sesteadero,9,1,3575,1675,1257,1900,76.96,0.49,4160
681,Agustin Marzelle,Parita,2,2,1030,721,129,309,43.32,3.87,1357
682,Cissy Petrina,Las Tablas,3,1,1964,195,420,1769,80.85,4.37,3757
683,Abraham Pinhorn,El Rincon,9,1,1911,1333,3267,578,92.14,2.74,4193
684,Frieda Valentino,Monagrillo,4,2,2867,2311,3105,556,44.59,3.97,3359
685,Isidoro Timlett,Monagrillo,1,1,489,271,800,218,80.01,2.3,3251
686,Broddy Casella,El Sesteadero,10,1,3627,3226,3329,401,61.44,3.19,2742
687,Zaneta Sullens,Ocú,1,1,2354,1053,3081,1301,70.68,0.84,780
688,Averyl McKelvie,Ocú,6,1,449,192,1682,257,65.0,2.0,307
689,Kerwin Lifton,Pesé,7,1,1101,566,1744,535,62.17,4.76,1297
690,Yance Dizlie,Los Angeles,2,2,2580,432,277,2148,2.42,0.95,1283
691,Elvyn Paling,Pesé,3,1,2413,1664,2078,749,78.41,1.64,2408
692,Amara Moret,"",10,1,3943,2119,3100,1824,28.05,2.48,308
693,Inesita Carless,Santa Maria,6,1,842,129,1224,713,24.32,2.65,635
694,Berkeley Tuttle,Monagrillo,9,1,723,136,1014,587,38.59,2.14,550
695,Sascha Bellows,La Arena,6,2,705,301,701,404,42.7,1.39,3113
696,Katleen Westman,Los Angeles,7,2,762,351,8,411,43.71,3.19,4430
697,Zack Hardwell,Santa Maria,3,2,912,810,973,102,33.33,4.32,1554
698,Meggi Haydney,Pedasí,5,1,268,148,3003,120,90.59,3.61,3534
699,Onofredo Heaslip,El Sesteadero,6,2,1818,861,3074,957,54.69,2.15,4048
700,Swen Flade,El Sesteadero,8,1,1538,1301,3820,237,86.78,1.45,4998
701,Tandi Dugald,Parita,3,1,209,9,1482,200,41.91,0.34,2352
702,Rocky Degli Antoni,Ocú,1,2,3711,2425,2334,1286,82.51,2.44,3027
703,Teodoro Bellon,El Sesteadero,7,1,527,278,1135,249,29.35,3.89,1463
704,Amery Garaway,Los Angeles,2,1,2521,9,2655,2512,37.03,3.56,202
705,Arlyn Belf,Paris,2,1,518,307,2745,211,90.77,1.29,282
706,Avie Pymer,Chitré,6,1,3042,1446,746,1596,44.55,4.32,4118
707,Druci Radnedge,Parita,6,1,1782,937,417,845,54.82,4.35,1776
708,Ferd Kelf,Chitré,8,1,442,127,3872,315,61.04,1.55,680
709,Alvin Brimicombe,"",3,1,2522,1285,407,1237,23.95,2.68,946
710,Archy Jacobowitz,Santa Maria,9,1,421,207,2706,214,53.92,2.38,2493
711,Gwennie Deviney,Pedasí,3,1,3818,3499,35,319,68.55,0.66,4133
712,Haywood Warlow,Chitré,9,2,336,265,593,71,96.17,2.94,1681
713,York Rulf,Las Tablas,6,1,1486,973,782,513,32.36,3.12,3407
714,Ilsa Duguid,La Villa de los santos,9,2,3868,3033,1155,835,70.24,2.36,679
715,Ivette Geary,Pedasí,5,2,3202,1260,1554,1942,34.06,0.09,3331
716,Blair Ferrandez,El Rincon,10,1,869,346,1803,523,98.59,0.1,632
717,Lurette Roughsedge,Monagrillo,2,2,2281,1850,1359,431,77.77,1.59,4164
718,Lily Tremolieres,Pesé,7,2,2406,2033,3938,373,79.99,3.45,4792
719,Norris Tellenbrok,Monagrillo,4,1,2035,758,270,1277,38.39,4.02,1821
720,Neddy Rosling,Chitré,1,1,3964,2652,2046,1312,44.35,1.97,2399
721,Juieta Dahlback,Ocú,8,1,1871,1485,3275,386,69.64,4.15,3705
722,Federico Wrangle,Chitré,10,1,3787,72,2475,3715,23.86,3.6,4447
723,Barbee Ambrosetti,El Sesteadero,10,2,1014,900,2128,114,92.54,1.4,1548
724,Meg Eynald,La Villa de los santos,5,1,666,199,1822,467,48.53,4.59,2053
725,Putnam Fosten,La Arena,1,1,1579,1068,2264,511,89.02,3.35,3513
726,Bethanne McLarens,Las Tablas,2,2,1667,1410,1518,257,74.17,2.4,4349
727,Dylan Loosemore,Paris,4,1,2746,143,3938,2603,36.13,2.65,634
728,Lenard Heintsch,Pesé,4,2,3986,2776,368,1210,20.39,0.38,1436
729,Bobby Lippingwell,Los Angeles,5,1,1703,925,3372,778,18.24,1.74,4822
730,Phyllis Germon,Los Angeles,8,2,3503,3148,545,355,2.95,3.83,1681
731,Bennie Kinker,Chitré,4,2,335,156,2659,179,48.0,3.3,4443
732,Zackariah Coller,Pesé,10,1,2295,1239,3122,1056,90.58,1.97,4684
733,Conney Bladesmith,Chitré,9,1,2917,2171,3765,746,40.94,4.96,4721
734,Allyn Hucks,Las Tablas,8,2,3103,435,3025,2668,82.82,3.16,2497
735,Letty Blaes,Monagrillo,8,2,1228,356,363,872,68.85,0.94,3908
736,Kalie Sexcey,El Sesteadero,9,1,2451,1379,1774,1072,24.01,2.59,3692
737,Sibbie Pauletti,Paris,4,2,2338,1769,3487,569,67.68,0.26,2992
738,Galen Soppit,Ocú,2,2,187,110,2938,77,82.81,4.24,398
739,Georgine Sebastian,Ocú,4,1,2680,849,1591,1831,49.71,2.69,963
740,Dougie Fulk,Los Angeles,2,2,2491,2148,1974,343,30.2,4.09,3429
741,Niles Fissenden,Las Tablas,2,1,2296,1701,3043,595,23.86,3.27,3541
742,Edward Rengger,Los Angeles,5,1,2393,1512,1724,881,87.41,2.34,772
743,Roana Juszczak,La Arena,4,2,3490,2303,2941,1187,37.38,0.55,2112
744,Becki Allewell,Chitré,1,2,1092,469,184,623,61.19,3.23,4157
745,Pippy Staries,Monagrillo,3,1,2477,2361,1119,116,41.16,4.64,2802
746,Ann-marie Bolton,Pesé,5,2,2263,2169,2998,94,95.52,4.5,3335
747,Becky Schleicher,Potuga,4,2,3607,137,3094,3470,0.16,1.03,4203
748,Garrik Ellicombe,Monagrillo,5,2,2032,336,1629,1696,23.34,0.01,2696
749,Rafaello Verrier,Los Angeles,9,2,1872,619,84,1253,16.45,4.17,789
750,Cally Royste,El Sesteadero,9,2,3354,451,1222,2903,0.73,4.38,4165
751,Burgess Biddlecombe,Chitré,6,1,918,475,2357,443,89.39,3.58,933
752,Reggy Batalini,Los Angeles,7,1,1421,297,2185,1124,9.96,4.97,2530
753,Sidoney Cowl,Potuga,9,2,760,17,2737,743,69.18,1.37,2562
754,Izaak Penwright,Las Tablas,9,1,2516,1988,1177,528,20.37,1.77,627
755,Virge Gedge,Las Tablas,10,1,3852,3106,2568,746,97.94,1.06,913
756,Joseph Thames,Pedasí,8,2,811,527,2114,284,32.5,4.57,4635
757,Olly Cocks,Los Angeles,6,2,1098,823,1398,275,68.71,4.75,4713
758,Patrizio Gaskall,"",6,1,435,72,1579,363,50.41,0.74,458
759,Maritsa Wisam,Potuga,10,1,3800,1132,210,2668,88.09,3.15,3599
760,Neile Maus,El Sesteadero,3,2,2849,875,3022,1974,96.71,4.49,2908
761,Fidelity Slesser,Paris,1,1,2930,299,3326,2631,85.09,0.14,2676
762,Anthia McAvin,Los Angeles,6,2,585,209,1486,376,50.96,4.75,208
763,Pebrook Bailess,"",6,1,2373,2113,2790,260,78.74,0.72,3883
764,Viola Witul,Paris,6,2,2308,2115,990,193,28.94,3.96,1122
765,Susan Ruddy,Paris,10,1,704,257,1776,447,76.88,1.3,269
766,Page Camamill,Potuga,2,1,1761,947,740,814,35.75,0.73,1344
767,Gabi Meth,Monagrillo,5,1,297,243,1000,54,69.41,4.91,2735
768,Selia Jendrach,El Sesteadero,4,1,2261,1231,2755,1030,30.75,4.01,2149
769,Heda McFadzean,Paris,5,1,1283,11,2945,1272,18.81,3.08,2600
770,Natassia Butt,La Villa de los santos,5,2,789,103,426,686,47.28,1.84,3444
771,Sal Wyleman,La Arena,5,2,3873,2820,1972,1053,22.24,3.59,1539
772,Wynnie Ravenshear,Monagrillo,9,1,530,526,2825,4,68.47,1.32,3734
773,Hestia Lambie,Parita,4,2,2876,1545,1236,1331,51.08,1.75,2107
774,Adam Rugiero,"",1,1,3389,2692,2648,697,48.95,1.86,487
775,Marylynne Puddle,Potuga,4,1,606,292,3735,314,98.79,3.27,3444
776,Hedvige Tonry,Pesé,3,2,1786,1722,2582,64,3.24,0.64,4092
777,Barn Ivashintsov,La Arena,7,1,1676,622,2862,1054,75.53,3.42,2743
778,Corabel Cobden,Paris,1,2,1881,1525,1244,356,39.37,2.44,1464
779,Orran Dowall,Monagrillo,8,2,3651,8,937,3643,86.69,4.39,2812
780,Trescha Lacase,La Arena,1,1,739,411,3265,328,40.33,2.83,1368
781,Karina Alessandrelli,Ocú,7,2,491,295,2673,196,0.53,2.47,2018
782,Haslett Dowry,"",9,1,1033,351,139,682,65.06,1.01,1706
783,Stearne Clohisey,Potuga,2,1,3249,1096,3214,2153,2.64,4.32,851
784,Tate Fransson,La Arena,1,1,3328,1903,3806,1425,45.91,4.96,2170
785,Janie Frogley,Parita,9,2,1179,760,3842,419,18.71,0.93,280
786,Corrianne Havik,Monagrillo,3,2,527,515,3142,12,15.55,0.87,2434
787,Madelin Lammie,El Sesteadero,3,1,2848,73,1553,2775,73.69,3.88,3217
788,Harold Smardon,Pedasí,4,2,3059,2277,956,782,50.14,3.68,1738
789,Joaquin Pakes,Los Angeles,1,2,2256,1726,2468,530,2.17,3.4,3333
790,Leanor Fawdry,Parita,9,1,603,227,2997,376,55.94,0.4,4054
791,Libbey Etherson,Santa Maria,5,1,273,214,2696,59,18.59,3.9,4119
792,Bernie Chaudret,Ocú,1,1,1165,273,3491,892,7.7,2.03,2775
793,Car Pottberry,Los Angeles,1,1,1098,258,562,840,58.82,1.92,3987
794,Alvy Cocklie,Las Tablas,9,1,2724,44,2411,2680,2.99,1.53,53
795,Abby Andreia,Pesé,2,1,3727,3424,1131,303,37.31,1.96,1297
796,Ralph Cantillon,Pedasí,1,1,3744,1991,2808,1753,52.07,3.98,1572
797,Anabella Todeo,Ocú,4,2,2623,1794,1605,829,47.46,2.46,4800
798,Penny Phettiplace,Monagrillo,10,1,393,63,3140,330,96.22,2.5,2273
799,Lowell Fierman,Santa Maria,5,2,1016,427,3903,589,27.15,3.2,4451
800,Duff Khoter,Los Angeles,4,2,573,23,1961,550,33.55,3.34,3350
801,Everett Philipard,La Villa de los santos,7,1,199,100,1956,99,37.54,1.52,2627
802,Alana Dericut,Chitré,8,1,2754,1868,1280,886,97.69,3.8,1764
803,Normie Supple,Pesé,2,1,1326,541,3596,785,75.17,4.36,2876
804,Kayle Challoner,Pesé,3,2,2420,1995,1946,425,20.28,4.09,4732
805,Larine Edmand,Ocú,9,1,788,397,3857,391,15.47,0.11,2693
806,Katlin Emanson,Ocú,4,1,1761,294,2651,1467,12.54,1.94,1064
807,Giavani MacSkeaghan,Santa Maria,2,1,3406,425,1823,2981,43.83,0.69,2733
808,Jenny Glidden,Monagrillo,8,1,2237,1195,816,1042,85.68,4.42,370
809,Loretta Benoey,"",9,1,327,147,2092,180,87.21,0.86,3622
810,Leone Wreford,Los Angeles,10,1,2438,69,3365,2369,65.89,3.48,2171
811,Jaquenette Simeone,Paris,3,2,3977,872,3767,3105,11.2,4.77,3574
812,Gerri Siemens,"",7,1,1251,1020,3696,231,80.63,1.36,441
813,Bibbie Budget,La Arena,5,2,961,88,1520,873,47.12,4.84,2286
814,Roxi Driver,La Arena,1,2,767,750,1392,17,11.65,0.07,1491
815,Cody Castan,La Villa de los santos,4,2,2270,1536,1395,734,58.22,0.6,509
816,Milt Raubheim,Pedasí,9,1,1753,165,3417,1588,59.3,4.94,1903
817,Alfonse Piwall,Pesé,4,2,33,9,2528,24,91.42,3.54,1701
818,Loni Leonarde,Paris,8,1,1166,1125,3670,41,23.84,3.86,2549
819,Arlie Yarrington,Los Angeles,5,2,3881,2649,1743,1232,83.13,1.85,3179
820,Ada Matovic,Pesé,7,1,2905,999,1034,1906,65.44,0.94,4838
821,Taylor Hitter,Santa Maria,10,2,782,716,3472,66,20.83,3.36,3547
822,Payton Christopherson,Parita,5,1,3842,1393,3551,2449,6.11,0.83,3801
823,Dalt Tredger,Paris,4,1,1805,912,979,893,23.67,4.1,340
824,Swen Tommis,Santa Maria,10,1,1095,561,1614,534,8.31,4.53,3031
825,Amalea Bathowe,Los Angeles,7,1,2106,483,277,1623,40.82,4.52,1150
826,Zilvia Eburah,Potuga,9,1,1352,920,750,432,71.79,2.69,3873
827,Gelya Loveday,Los Angeles,7,1,2233,387,1368,1846,61.66,3.01,3788
828,Kristel Elby,Las Tablas,1,2,611,6,1002,605,95.96,4.67,2071
829,Adelaida Matityahu,"",5,1,1517,1237,3015,280,44.43,4.29,3039
830,Maddie Eyckelbeck,Parita,7,1,82,14,3450,68,91.81,4.34,812
831,Ronna Delwater,La Arena,5,1,2877,1950,1100,927,63.52,1.36,2523
832,Gian Sarge,Ocú,6,2,3183,447,697,2736,43.04,1.14,4620
833,Alayne Shovlin,Pedasí,9,2,1456,508,3066,948,33.98,2.23,4084
834,Lynda Camacho,"",5,1,2817,565,1522,2252,42.74,1.54,2923
835,Tiffany Stainfield,"",5,2,2720,1356,2170,1364,85.72,2.88,2100
836,Louise Peetermann,Pesé,3,2,2305,690,3748,1615,76.66,3.94,221
837,Hughie Aldus,El Sesteadero,5,2,3537,1093,502,2444,2.75,0.2,1564
838,Gene Grellier,"",10,1,609,407,644,202,44.76,4.04,4232
839,Franky Leuchars,Paris,10,2,2038,1998,3149,40,63.39,2.75,4598
840,Joletta Farrant,La Villa de los santos,10,2,3993,1548,852,2445,91.44,4.78,512
841,Adria Kail,Pedasí,9,2,2647,550,656,2097,6.75,1.23,115
842,Ibbie Abethell,"",10,1,990,843,3012,147,27.24,4.64,1317
843,Carmine Kleisel,Los Angeles,6,1,407,236,2165,171,53.6,1.72,3202
844,Ciel Spurret,El Rincon,5,2,3661,3374,1776,287,58.15,3.79,1942
845,Vere Holberry,Pedasí,10,1,3265,2261,246,1004,38.17,4.86,3246
846,Donaugh Whitby,Parita,3,2,1628,194,2606,1434,67.99,0.27,3615
847,Ulric Brodie,Santa Maria,4,2,1076,538,1506,538,15.56,4.51,2478
848,Ilsa Tocque,El Rincon,5,1,2881,1650,2927,1231,19.21,2.5,1454
849,Zed McReynolds,El Sesteadero,1,2,1716,1268,1970,448,82.12,0.45,1952
850,Fidelio Blade,El Rincon,4,1,3954,2175,51,1779,18.97,2.41,4229
851,Pepita Corrington,Las Tablas,10,2,3392,1682,2315,1710,82.72,3.19,622
852,Catlee Cozins,Ocú,9,2,2941,2456,2106,485,20.5,4.53,1111
853,Tades Tieman,Chitré,8,1,2242,1690,1374,552,65.93,2.86,2222
854,Estevan Manntschke,Chitré,10,1,80,43,712,37,39.66,3.32,4038
855,Doralynne Garrod,Los Angeles,9,2,452,447,830,5,28.69,3.22,3764
856,Janie Doel,Parita,7,1,3675,2990,3995,685,91.44,2.89,876
857,Fredrika Spearing,Chitré,6,1,3322,2999,962,323,66.51,3.89,1389
858,Lyon Dangerfield,Parita,2,1,2123,934,3095,1189,61.78,2.47,3738
859,Jaquith Ventura,El Rincon,9,1,1360,241,2502,1119,72.9,0.5,3559
860,Eadith Le Barr,El Sesteadero,10,2,1864,1496,1650,368,14.08,4.66,347
861,Marcille Piatek,Pesé,2,2,1157,732,3171,425,77.11,4.78,3247
862,Bobby Dran,Potuga,8,1,817,139,1254,678,43.79,1.54,3582
863,Charlena Wimlet,Las Tablas,6,2,1770,1559,667,211,68.59,1.85,1852
864,Thorpe McCreath,La Arena,3,1,2636,2237,3109,399,68.09,1.0,3223
865,Lita Fosdyke,El Sesteadero,1,1,1029,876,3417,153,42.19,3.35,2815
866,Leigha Frantzen,Las Tablas,4,1,824,78,386,746,92.55,3.65,1203
867,Tilly Burdon,Pesé,8,2,525,23,2164,502,1.49,2.9,2599
868,Drusy Rubroe,Las Tablas,5,2,2223,777,1863,1446,54.76,1.56,3936
869,Nedi Crommett,Pesé,1,1,3684,866,1633,2818,3.58,0.01,2422
870,Rowena Critchell,El Rincon,10,2,284,46,2013,238,4.81,0.21,3886
871,Leland Rosberg,Pesé,5,1,1512,872,1410,640,56.23,2.73,3236
872,Melloney Hynam,Chitré,5,1,959,506,1027,453,49.98,2.13,2489
873,Dell Pretsel,Santa Maria,1,1,1101,437,3415,664,82.8,4.19,1984
874,Johnathan Hamblett,Pesé,2,1,1937,1758,1180,179,10.95,1.19,4049
875,Dodi Punton,El Sesteadero,5,1,60,55,2055,5,39.36,3.52,485
876,Ronnie Girardi,Monagrillo,10,1,1486,1210,3710,276,59.58,1.39,502
877,Koral Wallwood,Ocú,6,1,176,154,582,22,70.92,2.32,3015
878,Ernie Cicerone,La Arena,10,2,2999,2118,3534,881,3.66,4.13,4739
879,Jodie Greschke,"",10,2,3679,1357,2255,2322,25.09,4.58,708
880,Carola Phillot,Monagrillo,10,1,1028,810,3053,218,13.85,2.26,1116
881,Edythe Mutimer,Los Angeles,10,1,1917,1653,152,264,6.77,1.67,1830
882,Selle Joblin,Chitré,8,1,2539,322,3650,2217,77.22,4.22,335
883,Gelya Morison,Monagrillo,10,1,1501,1380,86,121,80.84,0.62,3350
884,Anna-diane Swetmore,El Sesteadero,6,1,1377,497,3808,880,28.85,1.56,3675
885,Wainwright Gonzalo,El Rincon,7,2,1802,211,2467,1591,32.2,4.81,340
886,Kele Emmert,Potuga,3,2,1724,826,1684,898,12.13,4.9,4302
887,Queenie Hassekl,Pedasí,3,1,28,10,609,18,44.82,4.13,2682
888,Ede Denley,Ocú,4,1,3251,509,17,2742,29.89,2.7,4703
889,Adriena Pinock,"",6,1,1834,1826,708,8,10.23,0.23,3630
890,Pincus Zuanelli,Los Angeles,5,2,1936,526,1237,1410,28.89,2.84,1375
891,Barr Kiggel,Los Angeles,10,2,3595,2875,3470,720,36.94,2.24,1619
892,Brigida Deighton,Las Tablas,1,2,2278,297,2085,1981,42.69,4.66,264
893,Delinda Martusov,Pedasí,6,2,2275,1606,313,669,39.86,0.35,435
894,Fabian Hanshawe,El Rincon,3,1,2587,1182,950,1405,82.47,3.13,3013
895,Ailina Ashby,Chitré,2,1,1515,310,979,1205,21.92,4.89,4922
896,Dael Timmons,El Sesteadero,9,1,1148,894,2076,254,9.46,1.16,1453
897,Gracia Laverenz,La Villa de los santos,3,2,3092,2383,1576,709,73.81,2.04,1824
898,Rahal Laite,Santa Maria,10,1,3748,3415,898,333,16.34,4.66,141
899,Roseanna Mournian,La Arena,9,1,760,548,1298,212,99.35,2.89,1852
900,Bria Lenton,Santa Maria,8,1,1805,1010,2477,795,50.14,1.67,3969
901,Carrol Petru,Parita,1,2,94,74,841,20,88.03,2.56,275
902,Pennie Semble,Pedasí,4,1,3732,1377,3044,2355,91.12,4.79,2138
903,Catherina Gaydon,Parita,2,1,3744,1379,1241,2365,44.14,1.92,1494
904,Woodman Jiles,Chitré,9,1,2348,1409,536,939,4.58,2.54,1228
905,Giorgio Rexworthy,Chitré,7,1,2388,1539,600,849,72.46,1.07,409
906,Thom Matovic,El Sesteadero,7,1,2149,1722,1249,427,36.03,2.83,851
907,Mabelle Hawkeridge,Los Angeles,7,1,1949,1585,423,364,30.08,1.79,1990
908,Gavra Broz,"",10,2,1086,794,3509,292,6.32,4.82,4140
909,Jeannie Vickers,El Rincon,7,1,1840,537,3655,1303,85.04,3.43,827
910,Ethelbert Older,Potuga,10,2,3374,1552,530,1822,92.51,3.89,4262
911,Broderic McMeanma,Santa Maria,5,1,2837,1095,660,1742,52.08,2.91,4324
912,Ari Albrighton,Ocú,2,2,3525,963,3106,2562,65.52,0.75,3026
913,Madelena Rehm,El Sesteadero,6,2,1719,194,170,1525,24.02,2.95,3847
914,Torre Clipsham,Potuga,3,2,1638,43,934,1595,7.31,0.45,120
915,Brigitte Comizzoli,Parita,10,1,453,329,1196,124,9.63,0.2,3384
916,Reina Corden,Ocú,8,2,2024,952,3453,1072,13.27,3.18,4534
917,Aubert Sauven,Parita,10,1,626,276,3180,350,26.48,4.83,1662
918,Diana Dewane,Los Angeles,8,1,11,11,2409,0,5.17,1.32,2564
919,Levin Lillistone,Chitré,1,1,2724,148,2835,2576,77.8,4.16,4681
920,Mitch Erik,Paris,6,2,1409,98,1913,1311,3.43,1.43,2013
921,Serena Maton,Chitré,8,2,340,70,2930,270,17.37,3.44,1333
922,Rawley Showte,Chitré,6,2,3173,310,1933,2863,35.09,0.89,4184
923,Adelaide Guiduzzi,Pesé,8,2,1440,1250,3111,190,36.66,4.32,3183
924,Lacy Leamon,El Sesteadero,9,1,352,324,2425,28,23.0,3.2,2831
925,Cordelie Rodolico,La Villa de los santos,3,2,3873,3658,3762,215,4.73,2.18,1057
926,Bank McKillop,Monagrillo,5,2,517,464,1834,53,39.17,1.54,1924
927,Benedikta Brinded,El Rincon,2,1,3252,2227,1389,1025,51.03,2.92,4156
928,Anthea Bernardon,Pedasí,8,2,1844,1001,3896,843,64.8,4.41,4760
929,Sile Llop,Potuga,10,2,2135,655,801,1480,80.68,4.55,1590
930,Koral Brockway,Pedasí,8,1,1675,798,3393,877,49.55,0.99,1788
931,Ortensia Dominelli,Parita,10,1,2337,278,980,2059,84.12,3.4,3952
932,Stanford Tinkler,Ocú,4,1,3716,3372,2976,344,10.47,3.31,4407
933,Kelley Pechard,Parita,2,2,3360,412,3952,2948,62.22,3.89,3146
934,Deirdre Caltera,La Arena,2,1,2361,309,2833,2052,70.11,0.61,1846
935,Mellisent Bernardinelli,Santa Maria,3,2,1047,667,3783,380,9.83,3.72,1713
936,Vernon Beamond,El Rincon,7,1,2306,1171,2626,1135,21.25,1.92,2204
937,Cindie Chastelain,Los Angeles,5,1,465,279,3141,186,90.96,4.8,3356
938,Onofredo Binford,Ocú,7,1,2587,1843,561,744,75.83,4.31,3795
939,Abramo Plaide,"",8,1,390,178,3079,212,19.0,3.65,4959
940,Nani Crambie,"",5,2,331,256,370,75,23.09,2.64,4873
941,Maison Tysack,"",5,2,1248,73,3837,1175,46.53,0.05,3933
942,Monty Brunel,Los Angeles,9,1,2205,292,3863,1913,27.25,1.05,1423
943,Marcile Conrad,"",2,1,3519,1415,557,2104,97.93,1.76,505
944,Livy Salvadore,Monagrillo,6,1,2629,1671,771,958,19.75,0.79,3776
945,Zak Merwood,Las Tablas,6,1,219,112,2805,107,22.84,4.95,1419
946,Tonya Easdon,Pedasí,8,2,2252,1272,941,980,35.04,4.57,601
947,Lexie Langer,El Rincon,9,2,2743,2346,3010,397,51.64,0.55,939
948,Martie Grubey,La Villa de los santos,4,1,674,664,3635,10,1.49,0.17,3178
949,Hiram Ingry,El Rincon,10,2,3040,1075,1296,1965,17.55,2.3,3711
950,Karel Wallsam,"",3,2,2264,1965,2416,299,98.01,3.77,267
951,Kacie McGorman,El Rincon,4,1,3200,2068,2162,1132,88.13,0.82,4046
952,Delly Gaddes,Santa Maria,2,1,2396,852,3717,1544,49.4,0.38,687
953,Wes Hanwell,La Villa de los santos,5,1,3372,782,3257,2590,97.71,1.56,825
954,Elly Grigolli,La Villa de los santos,8,1,993,764,439,229,70.93,1.08,310
955,Keith Bellhanger,Chitré,5,1,3191,315,2231,2876,1.58,0.58,2167
956,Hermy Grisbrook,Parita,1,1,2963,472,2768,2491,97.15,0.57,4039
957,Liv Cossar,Chitré,7,1,1191,127,707,1064,34.81,4.5,3539
958,Lydon Malham,Santa Maria,5,1,1675,1236,763,439,55.49,0.45,4255
959,Zorana Lowensohn,Chitré,1,2,1880,400,2137,1480,94.96,4.71,2760
960,Marcelline Corsor,La Villa de los santos,6,1,3305,2082,3994,1223,24.82,4.39,592
961,Lenee Gorusso,La Villa de los santos,9,1,1603,764,1223,839,15.45,0.34,3178
962,Gianni Riddiough,Los Angeles,5,1,401,250,455,151,19.19,1.18,2963
963,Giraud Fourman,La Arena,7,2,472,83,2781,389,48.15,4.5,1565
964,Merilee Pakes,Chitré,8,2,2154,467,3937,1687,43.6,2.61,4042
965,Edouard Whitwood,Santa Maria,7,2,1988,752,2151,1236,42.36,2.92,2210
966,Rosamund Peckham,Pedasí,6,1,121,120,3235,1,11.35,1.94,3451
967,Emmanuel Franses,La Villa de los santos,6,2,3658,305,497,3353,67.15,2.91,2919
968,Aloise Anersen,Los Angeles,3,2,1430,236,1178,1194,45.86,1.79,2324
969,Tanya Vannoort,Pesé,5,1,3645,1722,1640,1923,67.9,3.16,2037
970,Seymour Cammis,Los Angeles,10,2,36,9,2983,27,70.87,1.16,872
971,Camila Gittose,Ocú,3,1,2093,392,3458,1701,75.07,0.71,2955
972,Brook Jossum,Santa Maria,8,1,2554,2041,2660,513,96.32,1.23,3262
973,Rafaellle Vaines,Chitré,5,1,1694,723,1462,971,63.12,0.93,1114
974,Jae Eddowis,Santa Maria,5,1,2174,1277,1473,897,83.94,3.03,1243
975,Wade Ortler,Las Tablas,4,1,1038,715,1245,323,86.75,3.72,3979
976,Bradney Sydes,El Sesteadero,1,1,833,491,2209,342,6.53,1.97,4207
977,Katlin Petruskevich,El Rincon,9,2,3001,623,367,2378,41.19,1.32,2267
978,Yelena Cristoforetti,"",6,1,1298,633,650,665,10.42,1.41,2972
979,Noelle Stoves,Chitré,7,1,1636,782,1695,854,48.13,2.7,1252
980,Sabina Sargison,Parita,10,2,452,184,3804,268,34.11,4.43,3676
981,Tamara Farady,Pedasí,10,2,342,308,3920,34,72.79,4.04,1144
982,Magnum Quiney,Pesé,5,1,1667,124,586,1543,16.73,0.92,2925
983,Charlotte Tillman,Pesé,10,1,3346,2897,783,449,82.49,1.0,3558
984,Darsey Northeast,El Sesteadero,6,1,1058,252,2892,806,25.86,0.77,646
985,Suzanna Chadbourne,Ocú,2,1,2339,1969,2885,370,5.19,0.65,3049
986,Moritz Meace,Los Angeles,10,2,3852,263,48,3589,8.88,0.5,4830
987,Blair Renshall,El Rincon,1,2,3505,1128,2176,2377,95.88,0.61,2896
988,Esta Dauncey,Chitré,4,2,346,72,1906,274,2.28,2.01,1861
989,Drud Marqyes,Paris,9,1,982,841,1525,141,48.87,1.85,125
990,Wally Leithgoe,La Villa de los santos,2,2,3012,1001,2165,2011,5.19,1.56,2680
991,Andie Pimbley,Chitré,4,1,844,561,628,283,45.62,3.36,2166
992,Bogey Pharo,Monagrillo,5,2,2833,1045,2936,1788,65.2,2.69,3308
993,Berty Ladbrook,Potuga,8,2,2659,257,1777,2402,41.17,1.52,492
994,Lani Sarsfield,El Rincon,3,1,781,368,3131,413,25.0,1.37,1087
995,Mychal Petofi,Monagrillo,1,1,1955,316,1141,1639,62.08,2.82,2072
996,Wilona Leacock,Santa Maria,1,2,2536,376,3569,2160,74.27,0.11,3446
997,Sharron Eastlake,Potuga,10,1,309,106,2598,203,36.45,2.52,2672
998,Alexine O'Doherty,Chitré,1,1,2638,2103,2457,535,26.93,2.02,4772
999,Wakefield Fermoy,La Villa de los santos,10,2,2609,387,1173,2222,57.96,0.22,3901
1000,Tess Naldrett,Santa Maria,7,2,702,121,3000,581,18.5,2.83,3356
